City_ID,City,Lat,Lng,Max Temp,Humidity,Cloudiness,Wind Speed,Country,Date
0,Abay,49.6311,72.8539,-0.02,87,100,2.33,KZ,2022-02-02 20:13:12
1,Cape Town,-33.9258,18.4232,67.12,90,75,6.91,ZA,2022-02-02 20:08:17
2,Hilo,19.7297,-155.09,78.53,71,40,0.0,US,2022-02-02 20:13:13
3,Mataura,-46.1927,168.8643,57.47,98,100,4.47,NZ,2022-02-02 20:13:13
4,New Norfolk,-42.7826,147.0587,53.1,73,55,1.99,AU,2022-02-02 20:13:14
5,Kamiiso,41.8167,140.65,24.73,90,97,8.57,JP,2022-02-02 20:13:14
6,Mount Gambier,-37.8333,140.7667,58.24,60,100,10.54,AU,2022-02-02 20:13:14
7,Busselton,-33.65,115.3333,66.04,49,100,15.1,AU,2022-02-02 20:11:16
8,Ndola,-12.9587,28.6366,63.81,96,100,3.38,ZM,2022-02-02 20:13:15
9,Ulaangom,49.9811,92.0667,-21.08,90,97,2.28,MN,2022-02-02 20:13:15
10,Awjilah,29.1081,21.2869,54.23,58,72,13.76,LY,2022-02-02 20:13:16
11,Abhayapuri,26.3333,90.6667,57.58,65,3,6.26,IN,2022-02-02 20:13:16
12,Male,4.1748,73.5089,81.86,71,1,10.4,MV,2022-02-02 20:13:17
13,Sungaipenuh,-2.0833,101.3833,64.72,95,94,2.75,ID,2022-02-02 20:13:17
14,Terrace,54.5163,-128.6035,21.11,86,100,8.05,CA,2022-02-02 20:13:18
15,Nhulunbuy,-12.2333,136.7667,81.21,83,100,6.91,AU,2022-02-02 20:13:18
16,East London,-33.0153,27.9116,75.74,92,56,18.88,ZA,2022-02-02 20:13:19
17,Kapaa,22.0752,-159.319,78.78,71,20,4.61,US,2022-02-02 20:11:13
18,Mar Del Plata,-38.0023,-57.5575,86.02,50,0,11.99,AR,2022-02-02 20:13:19
19,Gamba,-2.65,10.0,78.37,85,100,4.7,GA,2022-02-02 20:13:20
20,Dikson,73.5069,80.5464,-8.28,98,97,10.8,RU,2022-02-02 20:13:20
21,Punta Arenas,-53.15,-70.9167,51.82,87,75,10.36,CL,2022-02-02 20:13:21
22,Esperance,-33.8667,121.9,59.7,74,4,10.74,AU,2022-02-02 20:13:21
23,Ilulissat,69.2167,-51.1,1.42,60,20,29.93,GL,2022-02-02 20:12:49
24,Lebu,-37.6167,-73.65,64.87,77,34,10.67,CL,2022-02-02 20:13:22
25,Muroto,33.2833,134.15,47.12,55,99,8.9,JP,2022-02-02 20:13:22
26,Zhigansk,66.7697,123.3711,-12.14,99,100,4.03,RU,2022-02-02 20:13:22
27,Tura,25.5198,90.2201,59.16,55,87,4.65,IN,2022-02-02 20:13:23
28,Longkou,37.6508,120.3286,30.54,51,0,2.55,CN,2022-02-02 20:13:23
29,Misratah,32.3754,15.0925,56.55,75,31,24.32,LY,2022-02-02 20:13:23
30,Mahebourg,-20.4081,57.7,79.25,94,100,35.08,MU,2022-02-02 20:12:08
31,Tasiilaq,65.6145,-37.6368,12.36,71,100,6.87,GL,2022-02-02 20:13:24
32,Vaini,-21.2,-175.2,84.36,79,40,5.75,TO,2022-02-02 20:13:24
33,Forbes,-33.3833,148.0167,58.91,74,0,7.16,AU,2022-02-02 20:13:25
34,Ponta Do Sol,32.6667,-17.1,67.01,84,100,3.89,PT,2022-02-02 20:13:25
35,Karratha,-20.7377,116.8463,81.45,72,100,8.1,AU,2022-02-02 20:13:26
36,Baijiantan,45.6333,85.1833,5.58,88,100,0.92,CN,2022-02-02 20:13:26
37,Cairns,-16.9167,145.7667,80.55,89,100,3.44,AU,2022-02-02 20:09:41
38,Castro,-24.7911,-50.0119,75.94,71,40,1.25,BR,2022-02-02 20:11:23
39,Norman Wells,65.282,-126.8329,-17.19,97,99,7.4,CA,2022-02-02 20:13:27
40,Bilma,18.6853,12.9164,63.75,16,0,7.47,NE,2022-02-02 20:12:35
41,Atuona,-9.8,-139.0333,77.49,79,93,15.7,PF,2022-02-02 20:11:23
42,Ercis,39.0287,43.3586,22.6,81,100,4.38,TR,2022-02-02 20:13:27
43,Fortuna,40.5982,-124.1573,54.86,60,0,3.0,US,2022-02-02 20:14:28
44,Afsin,38.2477,36.914,33.66,100,100,3.29,TR,2022-02-02 20:14:28
45,Chokurdakh,70.6333,147.9167,-18.22,97,100,6.58,RU,2022-02-02 20:14:29
46,Biltine,14.5333,20.9167,66.74,13,2,7.43,TD,2022-02-02 20:14:29
47,Ushuaia,-54.8,-68.3,47.86,57,75,17.27,AR,2022-02-02 20:14:29
48,Aklavik,68.2191,-135.0107,-23.06,97,100,3.0,CA,2022-02-02 20:14:30
49,Crib Point,-38.35,145.2,61.11,61,96,17.63,AU,2022-02-02 20:14:30
50,Kodiak,57.79,-152.4072,35.11,93,100,5.75,US,2022-02-02 20:14:11
51,Qaqortoq,60.7167,-46.0333,5.5,73,16,6.8,GL,2022-02-02 20:14:31
52,Rikitea,-23.1203,-134.9692,77.94,74,100,5.93,PF,2022-02-02 20:14:31
53,Galich,58.3797,42.3475,18.37,95,100,6.4,RU,2022-02-02 20:14:32
54,Avarua,-21.2078,-159.775,82.45,83,75,16.11,CK,2022-02-02 20:14:32
55,Waterloo,43.4668,-80.5164,37.31,100,100,2.3,CA,2022-02-02 20:09:52
56,Souillac,-20.5167,57.5167,80.98,89,75,29.93,MU,2022-02-02 20:14:33
57,Ippy,6.2679,21.2247,81.37,20,14,4.29,CF,2022-02-02 20:14:33
58,Port Lincoln,-34.7333,135.8667,61.47,76,31,12.73,AU,2022-02-02 20:13:50
59,Torbay,47.6666,-52.7314,28.49,82,14,1.01,CA,2022-02-02 20:12:37
60,Belyy Yar,53.6039,91.3903,-18.51,76,100,0.0,RU,2022-02-02 20:14:34
61,Praia Da Vitoria,38.7333,-27.0667,59.76,81,14,10.45,PT,2022-02-02 20:14:34
62,Villa Union,23.2,-106.2333,77.02,39,20,6.91,MX,2022-02-02 20:14:35
63,Diamantina,-18.2494,-43.6003,68.4,87,100,4.79,BR,2022-02-02 20:14:35
64,Bluff,-46.6,168.3333,57.79,72,100,15.08,NZ,2022-02-02 20:14:35
65,Jatai,-17.8814,-51.7144,78.26,81,99,5.57,BR,2022-02-02 20:14:36
66,Balkhash,46.844,74.9804,9.86,78,98,9.91,KZ,2022-02-02 20:14:36
67,Ternate,0.8,127.4,78.21,82,100,6.02,ID,2022-02-02 20:14:37
68,Westport,41.1415,-73.3579,46.78,88,100,3.0,US,2022-02-02 20:13:48
69,Kalga,50.9251,118.898,-17.3,94,29,5.3,RU,2022-02-02 20:14:37
70,Valparaiso,-33.0393,-71.6273,77.23,56,0,8.05,CL,2022-02-02 20:14:38
71,Banda Aceh,5.5577,95.3222,77.47,85,52,6.2,ID,2022-02-02 20:14:38
72,Bredasdorp,-34.5322,20.0403,70.92,68,46,8.05,ZA,2022-02-02 20:14:39
73,Jamestown,42.097,-79.2353,43.92,56,75,14.97,US,2022-02-02 20:12:31
74,Simao,22.7886,100.9748,46.26,61,0,1.14,CN,2022-02-02 20:14:39
75,Vardo,70.3705,31.1107,28.38,74,75,12.66,NO,2022-02-02 20:14:40
76,Bengkulu,-3.8004,102.2655,75.9,90,99,4.27,ID,2022-02-02 20:14:40
77,Hobart,-42.8794,147.3294,53.46,76,40,6.91,AU,2022-02-02 20:14:40
78,Cidreira,-30.1811,-50.2056,78.3,78,0,15.59,BR,2022-02-02 20:14:41
79,Tragana,38.6167,23.1167,42.42,96,100,5.17,GR,2022-02-02 20:14:41
80,Kretinga,55.8758,21.2508,26.35,86,100,0.0,LT,2022-02-02 20:14:42
81,Oktyabrskoye,43.0645,44.7417,26.74,100,60,2.24,RU,2022-02-02 20:14:42
82,Hithadhoo,-0.6,73.0833,82.13,70,81,6.62,MV,2022-02-02 20:14:42
83,Nikolskoye,59.7035,30.7861,22.89,99,99,1.1,RU,2022-02-02 20:14:43
84,Kramat,-8.1311,113.4499,73.76,94,56,1.63,ID,2022-02-02 20:14:43
85,Albany,42.6001,-73.9662,45.73,72,89,3.0,US,2022-02-02 20:14:13
86,Cherskiy,68.75,161.3,-12.06,63,62,1.7,RU,2022-02-02 20:14:43
87,Coquimbo,-29.9533,-71.3436,69.53,64,20,16.11,CL,2022-02-02 20:11:08
88,Yerofey Pavlovich,53.9667,121.9667,-16.06,95,22,3.58,RU,2022-02-02 20:15:44
89,San Quintin,30.4833,-115.95,62.17,51,0,8.41,MX,2022-02-02 20:15:44
90,Puerto Ayora,-0.7393,-90.3518,84.16,88,45,8.01,EC,2022-02-02 20:15:05
91,Tiksi,71.6872,128.8694,-5.08,99,100,6.42,RU,2022-02-02 20:13:54
92,Borna,51.1167,12.5,40.6,79,100,10.0,DE,2022-02-02 20:15:45
93,Yar-Sale,66.8333,70.8333,-5.15,93,100,12.15,RU,2022-02-02 20:15:45
94,Georgetown,5.4112,100.3354,80.89,86,20,2.3,MY,2022-02-02 20:11:27
95,Port Said,31.2565,32.2841,62.31,57,100,7.47,EG,2022-02-02 20:15:46
96,Hermanus,-34.4187,19.2345,66.9,85,10,10.58,ZA,2022-02-02 20:15:47
97,Victoria,22.2855,114.1577,58.24,92,100,1.99,HK,2022-02-02 20:15:47
98,Hami,42.8,93.45,22.19,33,1,0.74,CN,2022-02-02 20:15:47
99,Emerald,-23.5333,148.1667,75.34,100,75,6.91,AU,2022-02-02 20:14:24
100,Mayor Pablo Lagerenza,-19.9309,-60.7718,102.15,22,72,5.39,PY,2022-02-02 20:15:48
101,Arosa,46.7779,9.6762,29.07,88,100,2.48,CH,2022-02-02 20:15:48
102,Constitucion,-35.3333,-72.4167,66.54,67,8,8.12,CL,2022-02-02 20:10:56
103,Plaster Rock,46.9065,-67.39,37.35,92,100,13.58,CA,2022-02-02 20:15:49
104,Cotonou,6.3654,2.4183,82.38,74,1,8.05,BJ,2022-02-02 20:15:49
105,Saint George,37.1041,-113.5841,43.63,23,40,1.01,US,2022-02-02 20:15:50
106,Chuy,-33.6971,-53.4616,79.92,60,0,14.0,UY,2022-02-02 20:15:50
107,Kodinsk,58.6881,99.1844,-4.54,100,100,2.8,RU,2022-02-02 20:15:51
108,Clyde River,70.4692,-68.5914,-18.17,69,100,5.75,CA,2022-02-02 20:15:51
109,Makinsk,52.6292,70.4169,9.93,89,100,6.67,KZ,2022-02-02 20:15:51
110,Bazarnyye Mataki,54.8833,49.9333,31.57,98,100,11.97,RU,2022-02-02 20:15:52
111,Port Alfred,-33.5906,26.891,74.3,95,100,10.09,ZA,2022-02-02 20:13:10
112,Jalor,25.35,72.6167,66.92,56,6,13.4,IN,2022-02-02 20:15:52
113,Lorengau,-2.0226,147.2712,79.72,80,100,11.86,PG,2022-02-02 20:12:39
114,Lishan,31.8576,113.2951,33.3,56,42,1.32,CN,2022-02-02 20:15:53
115,Darnah,32.767,22.6367,51.6,76,52,15.37,LY,2022-02-02 20:15:53
116,San Cristobal,7.7669,-72.225,80.78,25,3,7.94,VE,2022-02-02 20:15:54
117,Leningradskiy,69.3833,178.4167,-14.01,96,30,10.18,RU,2022-02-02 20:15:54
118,Honningsvag,70.9821,25.9704,22.75,93,75,4.61,NO,2022-02-02 20:15:55
119,Baykit,61.67,96.37,-4.67,100,100,1.48,RU,2022-02-02 20:15:55
120,Jinchang,38.4953,102.1739,20.34,37,39,2.77,CN,2022-02-02 20:15:55
121,Bolshaya Dzhalga,45.9695,42.6966,40.55,76,100,8.19,RU,2022-02-02 20:15:56
122,San Ramon,37.7799,-121.978,60.93,26,0,5.99,US,2022-02-02 20:15:56
123,Touros,-5.1989,-35.4608,85.1,68,58,13.29,BR,2022-02-02 20:15:57
124,Carnarvon,-24.8667,113.6333,77.07,88,98,9.22,AU,2022-02-02 20:15:57
125,Saskylakh,71.9167,114.0833,-29.81,100,28,2.8,RU,2022-02-02 20:15:57
126,Port Elizabeth,-33.918,25.5701,72.1,94,75,10.36,ZA,2022-02-02 20:15:58
127,Turan,16.0678,108.2208,69.78,83,75,6.91,VN,2022-02-02 20:15:58
128,Terra Rica,-22.7094,-52.6169,80.56,69,83,9.08,BR,2022-02-02 20:15:59
129,Acapulco,16.8634,-99.8901,84.02,61,40,9.22,MX,2022-02-02 20:15:59
130,Altamira,-3.2033,-52.2064,86.09,70,40,8.05,BR,2022-02-02 20:15:59
131,Poum,-20.2333,164.0167,79.45,78,0,11.16,NC,2022-02-02 20:17:00
132,Ambon,-3.6954,128.1814,77.14,88,20,4.61,ID,2022-02-02 20:17:00
133,Yellowknife,62.456,-114.3525,-22.59,80,20,3.44,CA,2022-02-02 20:17:01
134,Honiara,-9.4333,159.95,78.42,88,100,5.14,SB,2022-02-02 20:15:16
135,Saldanha,-33.0117,17.9442,66.45,86,100,6.73,ZA,2022-02-02 20:17:01
136,Nanortalik,60.1432,-45.2371,6.39,72,1,11.43,GL,2022-02-02 20:15:08
137,Saint-Francois,46.4154,3.9054,45.84,88,100,3.44,FR,2022-02-02 20:17:02
138,Kaitangata,-46.2817,169.8464,55.85,95,100,6.78,NZ,2022-02-02 20:13:45
139,Kushima,31.4583,131.2333,41.65,87,100,7.78,JP,2022-02-02 20:17:02
140,Nishihara,26.1842,127.7558,69.08,95,75,4.61,JP,2022-02-02 20:17:03
141,Olavarria,-36.8927,-60.3225,78.76,66,96,4.36,AR,2022-02-02 20:17:03
142,Arman,59.7,150.1667,8.71,85,100,11.74,RU,2022-02-02 20:17:04
143,Ginda,30.6945,78.4932,41.29,79,100,3.94,IN,2022-02-02 20:17:04
144,Derzhavinsk,51.1,66.3167,12.51,89,96,5.84,KZ,2022-02-02 20:17:04
145,Paamiut,61.994,-49.6678,5.72,70,100,14.12,GL,2022-02-02 20:17:05
146,Chongwe,-15.3292,28.682,66.22,97,2,3.74,ZM,2022-02-02 20:17:05
147,Upernavik,72.7868,-56.1549,-4.67,68,100,5.55,GL,2022-02-02 20:17:06
148,Kruisfontein,-34.0033,24.7314,69.89,91,100,8.21,ZA,2022-02-02 20:17:06
149,Kalabo,-14.97,22.6814,73.11,71,100,1.9,ZM,2022-02-02 20:17:06
150,Pailon,-17.65,-62.75,92.88,36,46,7.31,BO,2022-02-02 20:17:07
151,Maarianhamina,60.0973,19.9348,24.66,93,100,4.61,AX,2022-02-02 20:17:07
152,Soma,39.1855,27.6094,44.78,87,100,8.63,TR,2022-02-02 20:17:08
153,Taldan,53.6667,124.8,-5.3,68,25,8.95,RU,2022-02-02 20:17:08
154,Qaanaaq,77.484,-69.3632,-16.51,73,100,6.76,GL,2022-02-02 20:12:38
155,Jhang,33.6748,72.6963,50.61,77,100,6.35,PK,2022-02-02 20:17:08
156,Manaure,11.7751,-72.4445,91.51,50,17,19.46,CO,2022-02-02 20:17:09
157,Puerto Del Rosario,28.5004,-13.8627,74.88,43,0,6.91,ES,2022-02-02 20:17:09
158,Kautokeino,69.0125,23.0412,4.77,98,100,4.43,NO,2022-02-02 20:17:10
159,Isangel,-19.55,169.2667,77.11,100,75,0.0,VU,2022-02-02 20:17:10
160,Hovd,48.0056,91.6419,-4.41,96,98,1.41,MN,2022-02-02 20:17:10
161,Caravelas,-17.7125,-39.2481,80.82,79,100,7.23,BR,2022-02-02 20:13:20
162,Bethel,41.3712,-73.414,46.49,73,100,5.75,US,2022-02-02 20:17:06
163,Labuhan,-6.8844,112.2051,77.34,87,100,6.2,ID,2022-02-02 20:17:11
164,Barrow,71.2906,-156.7887,-21.98,69,0,4.61,US,2022-02-02 20:13:15
165,Ahipara,-35.1667,173.1667,70.81,83,99,11.92,NZ,2022-02-02 20:17:12
166,Nedjo,9.5046,35.5019,64.94,38,100,2.06,ET,2022-02-02 20:17:12
167,Faanui,-16.4833,-151.75,80.71,75,18,16.98,PF,2022-02-02 20:17:12
168,Egvekinot,66.3167,-179.1667,-8.18,79,7,21.0,RU,2022-02-02 20:17:13
169,Tuktoyaktuk,69.4541,-133.0374,-27.4,75,40,10.36,CA,2022-02-02 20:17:13
170,Manokwari,-0.8667,134.0833,76.46,80,97,3.78,ID,2022-02-02 20:17:14
171,Kahului,20.8947,-156.47,80.96,64,20,3.44,US,2022-02-02 20:16:51
172,Disna,55.568,28.1971,24.12,97,100,4.7,BY,2022-02-02 20:17:14
173,Anadyr,64.75,177.4833,7.92,57,0,18.68,RU,2022-02-02 20:13:51
174,Padang,-0.9492,100.3543,77.54,87,99,4.25,ID,2022-02-02 20:17:15
175,Carutapera,-1.195,-46.02,77.47,88,100,9.64,BR,2022-02-02 20:17:15
176,Bella Union,-30.2752,-57.6007,105.48,14,95,6.85,UY,2022-02-02 20:17:16
177,Dingle,10.9995,122.6711,73.83,94,100,8.66,PH,2022-02-02 20:17:16
178,Taoudenni,22.6783,-3.9836,69.58,16,3,11.56,ML,2022-02-02 20:18:17
179,Arica,-18.475,-70.3042,80.15,60,0,13.8,CL,2022-02-02 20:16:36
180,Kichera,55.9375,110.0997,-12.26,88,28,4.18,RU,2022-02-02 20:18:18
181,Longyearbyen,78.2186,15.6401,17.44,67,87,14.97,SJ,2022-02-02 20:18:18
182,Hambantota,6.1241,81.1185,73.08,83,8,12.08,LK,2022-02-02 20:16:20
183,Chapais,49.7834,-74.8492,15.58,89,100,9.08,CA,2022-02-02 20:17:46
184,San Patricio,28.017,-97.5169,79.48,67,100,15.79,US,2022-02-02 20:18:19
185,Thompson,55.7435,-97.8558,-7.29,83,41,12.91,CA,2022-02-02 20:14:29
186,Sambava,-14.2667,50.1667,77.79,80,100,4.38,MG,2022-02-02 20:18:19
187,Gondanglegi,-7.7479,112.0132,74.98,93,100,1.74,ID,2022-02-02 20:18:20
188,Nador,35.174,-2.9287,57.45,62,0,2.3,MA,2022-02-02 20:18:20
189,Pangnirtung,66.1451,-65.7125,6.8,78,100,18.41,CA,2022-02-02 20:18:21
190,Lethem,3.3803,-59.7968,92.26,37,63,12.71,GY,2022-02-02 20:18:21
191,Sitka,57.0531,-135.33,37.29,93,75,4.61,US,2022-02-02 20:18:22
192,Vila Velha,-20.3297,-40.2925,82.35,84,75,4.61,BR,2022-02-02 20:14:36
193,Sabang,5.8933,95.3214,81.54,75,61,7.38,ID,2022-02-02 20:18:22
194,Moratuwa,6.773,79.8816,75.31,76,9,1.39,LK,2022-02-02 20:18:23
195,Quatre Cocos,-20.2078,57.7625,80.71,94,100,34.18,MU,2022-02-02 20:18:23
196,Kolo,52.2002,18.6387,34.88,88,31,12.19,PL,2022-02-02 20:18:24
197,Nalut,30.3333,10.85,46.6,48,0,10.18,LY,2022-02-02 20:18:24
198,Amparafaravola,-17.5833,48.2167,67.69,88,100,3.53,MG,2022-02-02 20:18:24
199,Espera Feliz,-20.6503,-41.9072,70.27,95,100,2.48,BR,2022-02-02 20:18:25
200,Shumerlya,55.5005,46.4129,4.35,100,86,2.53,RU,2022-02-02 20:18:25
201,Paka,4.6374,103.4368,75.13,100,79,3.44,MY,2022-02-02 20:18:25
202,Pevek,69.7008,170.3133,-8.79,77,33,4.29,RU,2022-02-02 20:18:26
203,Amahai,-3.3333,128.9167,77.38,85,100,6.08,ID,2022-02-02 20:18:26
204,Katsuura,35.1333,140.3,35.71,54,22,10.65,JP,2022-02-02 20:17:13
205,Pierre,44.3683,-100.351,10.85,56,100,10.0,US,2022-02-02 20:18:27
206,Huntsville,34.7304,-86.5861,56.53,83,75,4.0,US,2022-02-02 20:18:14
207,Alofi,-19.0595,-169.9187,75.6,88,100,21.68,NU,2022-02-02 20:18:27
208,Hay River,60.8156,-115.7999,-9.42,64,20,1.14,CA,2022-02-02 20:18:28
209,Ancud,-41.8697,-73.8203,71.22,72,92,8.68,CL,2022-02-02 20:16:39
210,Coahuayana,18.7333,-103.6833,87.28,33,0,7.25,MX,2022-02-02 20:18:28
211,Abu Samrah,35.3029,37.1841,50.14,60,100,11.16,SY,2022-02-02 20:18:29
212,Goundam,16.4145,-3.6708,70.88,11,19,10.2,ML,2022-02-02 20:18:29
213,Petropavlovsk-Kamchatskiy,53.0452,158.6483,21.79,100,75,4.47,RU,2022-02-02 20:18:29
214,Blackwater,-23.5833,148.8833,74.64,93,100,8.01,AU,2022-02-02 20:14:38
215,Changchun,43.88,125.3228,-2.24,93,13,3.91,CN,2022-02-02 20:18:30
216,Hokitika,-42.7167,170.9667,66.11,98,100,16.8,NZ,2022-02-02 20:18:03
217,Joensuu,62.6012,29.7632,9.09,92,70,3.44,FI,2022-02-02 20:18:31
218,Hamza,40.4264,71.4956,39.15,41,100,0.81,UZ,2022-02-02 20:18:31
219,Bambous Virieux,-20.3428,57.7575,80.85,89,75,29.93,MU,2022-02-02 20:18:22
220,Sayyan,15.1718,44.3244,52.2,56,55,4.34,YE,2022-02-02 20:18:32
221,La Orilla,17.9833,-102.2333,80.92,54,0,10.89,MX,2022-02-02 20:18:32
222,Boguchany,58.3814,97.4531,5.77,97,100,2.06,RU,2022-02-02 20:18:33
223,Haileybury,47.449,-79.6373,21.78,85,100,9.35,CA,2022-02-02 20:18:33
224,Asau,46.4333,26.4,27.52,89,93,6.11,RO,2022-02-02 20:19:33
225,Itacurubi Del Rosario,-24.5,-56.6833,99.46,25,97,8.41,PY,2022-02-02 20:19:34
226,Solenzo,12.1833,-4.0833,78.19,9,10,7.2,BF,2022-02-02 20:19:34
227,Usinsk,65.9939,57.5281,15.08,96,100,8.84,RU,2022-02-02 20:19:35
228,Minna,9.6139,6.5569,78.51,29,14,5.75,NG,2022-02-02 20:19:35
229,Mpanda,-6.3655,31.0409,66.27,96,100,3.98,TZ,2022-02-02 20:19:36
230,Kaeo,-35.1,173.7833,72.32,90,100,10.42,NZ,2022-02-02 20:19:36
231,Goderich,43.7501,-81.7165,30.04,93,100,13.8,CA,2022-02-02 20:19:36
232,Zuwarah,32.9312,12.082,58.55,67,100,20.87,LY,2022-02-02 20:19:37
233,Coos Bay,43.3665,-124.2179,50.99,90,100,3.44,US,2022-02-02 20:14:54
234,Nome,64.5011,-165.4064,9.1,77,53,20.92,US,2022-02-02 20:19:37
235,Miandrivazo,-19.5167,45.4667,79.65,77,74,1.43,MG,2022-02-02 20:19:38
236,Nusaybin,37.0778,41.2178,45.09,66,100,5.75,TR,2022-02-02 20:19:39
237,Provideniya,64.3833,-173.3,3.74,67,1,22.95,RU,2022-02-02 20:17:17
238,Itabira,-19.6192,-43.2269,71.55,90,100,2.13,BR,2022-02-02 20:19:40
239,Bokovskaya,49.229,41.8306,35.19,100,100,11.34,RU,2022-02-02 20:19:40
240,Olga,43.7444,135.2892,12.04,59,8,10.71,RU,2022-02-02 20:19:41
241,Kavieng,-2.5744,150.7967,77.36,86,100,13.0,PG,2022-02-02 20:19:41
242,Whitehorse,60.7161,-135.0538,-6.83,71,75,8.05,CA,2022-02-02 20:18:22
243,Lukow,51.929,22.3796,34.68,94,100,12.64,PL,2022-02-02 20:19:42
244,Chalmette,29.9427,-89.9634,71.6,98,100,4.61,US,2022-02-02 20:19:42
245,Plettenberg Bay,-34.0527,23.3716,69.22,94,100,5.32,ZA,2022-02-02 20:19:43
246,Lompoc,34.6391,-120.4579,67.69,20,0,12.66,US,2022-02-02 20:16:51
247,Darhan,49.4867,105.9228,-6.7,93,100,5.17,MN,2022-02-02 20:19:43
248,Pekan,3.4836,103.3996,75.31,89,88,6.98,MY,2022-02-02 20:19:44
249,Kirakira,-10.4544,161.9205,79.54,86,100,7.56,SB,2022-02-02 20:19:44
250,Sesheke,-17.4759,24.2968,68.97,85,9,3.98,ZM,2022-02-02 20:19:45
251,Chalus,36.655,51.4204,44.06,65,0,2.3,IR,2022-02-02 20:19:45
252,Vallenar,-28.5708,-70.7581,82.53,31,0,11.7,CL,2022-02-02 20:19:45
253,Bambanglipuro,-7.95,110.2833,62.6,91,100,7.78,ID,2022-02-02 20:17:14
254,Soyo,-6.1349,12.3689,78.66,75,59,10.8,AO,2022-02-02 20:19:46
255,Kisangani,0.5167,25.2,75.69,65,100,1.86,CD,2022-02-02 20:19:46
256,Ayan,56.45,138.1667,-2.07,80,100,15.48,RU,2022-02-02 20:19:47
257,Nara,34.6851,135.8049,43.88,62,94,4.38,JP,2022-02-02 20:19:47
258,Verkhnyaya Inta,65.9811,60.3094,11.88,94,100,4.61,RU,2022-02-02 20:19:48
259,Yanam,16.7333,82.2167,65.66,88,3,1.14,IN,2022-02-02 20:19:48
260,Nerchinskiy Zavod,51.3088,119.61,-26.21,99,42,2.59,RU,2022-02-02 20:19:48
261,Rypefjord,70.6333,23.6667,24.55,67,0,1.14,NO,2022-02-02 20:19:49
262,Binga,-17.6203,27.3414,74.26,83,1,1.03,ZW,2022-02-02 20:19:50
263,Bangaon,23.0667,88.8167,66.15,50,4,4.56,IN,2022-02-02 20:19:50
264,Mocuba,-16.8392,36.9856,72.1,94,24,2.95,MZ,2022-02-02 20:19:50
265,Ranfurly,-45.1333,170.1,59.07,98,100,2.13,NZ,2022-02-02 20:19:51
266,Baherden,38.4362,57.4316,48.76,37,0,7.2,TM,2022-02-02 20:19:51
267,Hamilton,39.1834,-84.5333,44.64,93,100,1.01,US,2022-02-02 20:15:10
268,Puerto Leguizamo,-0.1934,-74.7819,87.66,49,98,2.91,CO,2022-02-02 20:19:52
269,Saint-Philippe,-21.3585,55.7679,80.19,93,100,31.65,RE,2022-02-02 20:18:28
270,Isla Mujeres,21.2311,-86.731,84.25,80,6,14.7,MX,2022-02-02 20:20:52
271,The Valley,18.217,-63.0578,84.06,74,75,12.66,AI,2022-02-02 20:20:53
272,Dunedin,-45.8742,170.5036,56.3,94,100,11.65,NZ,2022-02-02 20:20:53
273,Maragogi,-9.0122,-35.2225,82.2,69,12,11.74,BR,2022-02-02 20:20:05
274,Pisco,-13.7,-76.2167,75.25,64,0,14.97,PE,2022-02-02 20:20:54
275,Tessalit,20.1986,1.0114,65.35,12,0,8.19,ML,2022-02-02 20:20:54
276,Townsville,-19.25,146.8,79.68,94,100,4.61,AU,2022-02-02 20:16:25
277,Kamyshin,50.0983,45.416,33.67,99,100,14.34,RU,2022-02-02 20:20:55
278,Ust-Ilimsk,58.0006,102.6619,-8.66,100,97,3.49,RU,2022-02-02 20:20:55
279,Airai,-8.9266,125.4092,60.31,88,100,2.26,TL,2022-02-02 20:20:55
280,Sao Filipe,14.8961,-24.4956,75.38,66,6,18.86,CV,2022-02-02 20:16:16
281,Wuda,39.4994,106.7117,18.27,23,83,4.85,CN,2022-02-02 20:20:56
282,Kolpashevo,58.3131,82.9089,6.37,98,81,6.06,RU,2022-02-02 20:20:57
283,Noormarkku,61.5927,21.8685,10.18,85,0,1.14,FI,2022-02-02 20:20:57
284,Rauma,61.1272,21.5113,10.44,98,67,2.01,FI,2022-02-02 20:20:57
285,Kayerkan,69.3497,87.7602,-7.6,99,69,5.5,RU,2022-02-02 20:20:58
286,Mayo,38.8876,-76.5119,51.13,69,0,1.99,US,2022-02-02 20:20:58
287,Bodden Town,19.2833,-81.25,84.2,69,40,11.01,KY,2022-02-02 20:20:59
288,Arraial Do Cabo,-22.9661,-42.0278,80.56,83,40,8.05,BR,2022-02-02 20:20:59
289,Vanimo,-2.6741,141.3028,77.59,87,100,4.25,PG,2022-02-02 20:20:59
290,Coruripe,-10.1256,-36.1756,83.21,63,16,12.46,BR,2022-02-02 20:21:00
291,Los Llanos De Aridane,28.6585,-17.9182,63.12,67,0,10.0,ES,2022-02-02 20:21:00
292,Conceicao Do Araguaia,-8.2578,-49.2647,85.3,67,16,5.64,BR,2022-02-02 20:21:00
293,Liling,27.6667,113.5,37.29,98,100,1.7,CN,2022-02-02 20:21:01
294,Diego De Almagro,-26.3667,-70.05,81.99,15,0,15.52,CL,2022-02-02 20:21:01
295,Durban,-29.8579,31.0292,79.92,90,9,3.0,ZA,2022-02-02 20:21:02
296,Mehamn,71.0357,27.8492,23.18,82,100,7.63,NO,2022-02-02 20:21:02
297,Te Anau,-45.4167,167.7167,57.85,96,100,3.0,NZ,2022-02-02 20:21:03
298,Nioro,13.35,-15.75,88.52,10,42,5.39,GM,2022-02-02 20:21:03
299,Bonavista,48.6499,-53.1147,28.11,69,15,15.99,CA,2022-02-02 20:21:03
300,Kharp,66.8014,65.8081,4.19,97,100,3.44,RU,2022-02-02 20:21:04
301,Bento Goncalves,-29.1714,-51.5192,92.19,60,2,4.76,BR,2022-02-02 20:21:04
302,Valvedditturai,9.8167,80.1667,75.0,67,4,8.46,LK,2022-02-02 20:21:05
303,Merauke,-8.4667,140.3333,75.38,82,100,5.82,ID,2022-02-02 20:21:05
304,Sobolevo,54.4299,31.8996,24.12,96,100,9.15,RU,2022-02-02 20:21:05
305,Fort-Shevchenko,44.5086,50.263,41.61,82,94,13.94,KZ,2022-02-02 20:21:06
306,Soubre,5.7856,-6.6083,81.46,46,99,4.0,CI,2022-02-02 20:21:06
307,Umm Lajj,25.0213,37.2685,69.96,48,0,3.74,SA,2022-02-02 20:21:07
308,Ribeira Grande,38.5167,-28.7,57.6,72,20,8.05,PT,2022-02-02 20:21:07
309,Leshukonskoye,64.8989,45.7622,5.65,99,95,2.55,RU,2022-02-02 20:21:08
310,Parabel,58.6978,81.4825,13.55,94,94,7.76,RU,2022-02-02 20:21:08
311,Mount Isa,-20.7333,139.5,80.37,78,100,1.14,AU,2022-02-02 20:21:08
312,Omsukchan,62.5333,155.8,-15.52,100,100,6.35,RU,2022-02-02 20:21:09
313,Iqaluit,63.7506,-68.5145,8.33,78,100,13.0,CA,2022-02-02 20:16:50
314,Dire,12.2833,-10.9667,82.27,8,4,3.76,ML,2022-02-02 20:21:09
315,Kutum,14.2,24.6667,67.06,21,75,3.44,SD,2022-02-02 20:21:10
316,Lasa,46.6166,10.7002,39.94,95,91,7.9,IT,2022-02-02 20:22:10
317,Cockburn Town,21.4612,-71.1419,73.36,83,75,13.8,TC,2022-02-02 20:20:57
318,Lagoa,39.05,-27.9833,58.33,73,0,8.9,PT,2022-02-02 20:22:11
319,Gediz,39.0417,29.41,40.06,95,100,10.27,TR,2022-02-02 20:22:11
320,Grand Baie,-20.0182,57.5802,81.07,88,100,25.01,MU,2022-02-02 20:22:12
321,Tautira,-17.7333,-149.15,80.62,77,18,17.98,PF,2022-02-02 20:17:31
322,Buraydah,26.326,43.975,55.85,35,0,10.6,SA,2022-02-02 20:22:12
323,Barra Patuca,15.8,-84.2833,81.64,67,5,11.97,HN,2022-02-02 20:22:13
324,Miri,4.4148,114.0089,77.14,94,40,0.0,MY,2022-02-02 20:22:13
325,Piskivka,50.6938,29.6193,34.12,94,99,8.05,UA,2022-02-02 20:22:13
326,Kloulklubed,7.0419,134.2556,80.31,78,100,20.02,PW,2022-02-02 20:22:14
327,Beringovskiy,63.05,179.3167,-0.18,83,65,19.55,RU,2022-02-02 20:22:14
328,Brainerd,46.358,-94.2008,3.25,46,0,10.36,US,2022-02-02 20:22:15
329,Shaoyang,27.2315,111.4525,34.74,88,99,3.44,CN,2022-02-02 20:22:15
330,Strezhevoy,60.7333,77.5889,21.18,93,100,8.79,RU,2022-02-02 20:22:16
331,Sawakin,19.1059,37.3321,71.89,69,0,2.66,SD,2022-02-02 20:22:16
332,Komsomolskiy,40.4272,71.7189,38.12,75,75,4.61,UZ,2022-02-02 20:18:14
333,Ocampo,21.65,-101.5,72.28,20,0,18.84,MX,2022-02-02 20:22:17
334,Neuquen,-38.9516,-68.0591,94.89,18,40,14.97,AR,2022-02-02 20:22:17
335,Butaritari,3.0707,172.7902,80.73,81,41,17.83,KI,2022-02-02 20:19:50
336,Sittingbourne,51.3413,0.7328,50.22,85,100,6.51,GB,2022-02-02 20:22:18
337,Cabo San Lucas,22.8909,-109.9124,79.61,44,20,3.0,MX,2022-02-02 20:20:02
338,Port Blair,11.6667,92.75,78.84,73,20,3.44,IN,2022-02-02 20:22:18
339,Bani,18.2833,-70.3333,83.64,59,11,12.84,DO,2022-02-02 20:22:19
340,Muros,42.7762,-9.0603,55.9,78,100,4.38,ES,2022-02-02 20:22:19
341,Lujan,-34.5703,-59.105,91.98,54,69,5.64,AR,2022-02-02 20:22:20
342,Beloha,-25.1667,45.05,74.1,73,0,20.51,MG,2022-02-02 20:22:20
343,Santa Cruz,-17.8,-63.1667,91.45,55,40,13.8,BO,2022-02-02 20:18:58
344,Jalu,29.0331,21.5482,53.42,59,45,14.61,LY,2022-02-02 20:22:21
345,Chizhou,30.6578,117.4831,35.44,98,100,6.24,CN,2022-02-02 20:22:21
346,Cabra,37.4725,-4.4421,56.39,46,11,4.47,ES,2022-02-02 20:22:21
347,Mareeba,-17.0,145.4333,75.92,97,100,4.43,AU,2022-02-02 20:22:22
348,Khatanga,71.9667,102.5,-37.91,99,52,1.66,RU,2022-02-02 20:22:22
349,Bandarbeyla,9.4942,50.8122,75.47,72,27,18.7,SO,2022-02-02 20:22:23
350,Puerto Escondido,15.85,-97.0667,85.03,61,0,6.91,MX,2022-02-02 20:22:23
351,Yarmouth,41.7057,-70.2286,44.96,96,100,3.44,US,2022-02-02 20:22:24
352,Prince Rupert,54.3161,-130.3201,38.89,100,100,8.05,CA,2022-02-02 20:22:24
353,Nabire,-3.3667,135.4833,74.5,91,100,3.11,ID,2022-02-02 20:22:24
354,Kattivakkam,13.2167,80.3167,77.07,75,10,6.26,IN,2022-02-02 20:22:25
355,Gravdal,68.1214,13.5031,26.49,59,0,10.36,NO,2022-02-02 20:22:25
356,Takab,36.4009,47.1133,18.01,42,19,3.27,IR,2022-02-02 20:22:26
357,Yumen,40.2833,97.2,22.82,33,100,9.1,CN,2022-02-02 20:22:26
358,San Angelo,31.4638,-100.437,35.82,92,100,1.99,US,2022-02-02 20:23:27
359,Cayenne,4.9333,-52.3333,80.1,84,75,5.01,GF,2022-02-02 20:23:27
360,Yerbogachen,61.2767,108.0108,-4.58,99,100,3.22,RU,2022-02-02 20:22:48
361,Collie,-33.3667,116.15,61.99,44,45,11.07,AU,2022-02-02 20:23:27
362,Hailun,47.45,126.9333,-20.96,100,48,3.15,CN,2022-02-02 20:23:28
363,Bilibino,68.0546,166.4372,-7.73,63,96,5.39,RU,2022-02-02 20:20:50
364,Redding,40.5865,-122.3917,56.39,35,0,1.01,US,2022-02-02 20:23:28
365,Palana,59.1167,159.9667,13.5,87,100,16.28,RU,2022-02-02 20:23:29
366,Viamao,-30.0811,-51.0233,89.67,59,20,17.27,BR,2022-02-02 20:23:29
367,Ambulu,-8.345,113.6058,75.47,89,14,2.26,ID,2022-02-02 20:23:30
368,Klaksvik,62.2266,-6.589,40.12,82,100,7.67,FO,2022-02-02 20:23:30
369,Natalio,-26.7167,-55.0833,101.01,18,11,2.93,PY,2022-02-02 20:23:30
370,Apache Junction,33.4151,-111.5496,59.79,17,0,10.0,US,2022-02-02 20:21:38
371,Kilindoni,-7.9139,39.6668,81.46,79,100,11.07,TZ,2022-02-02 20:23:31
372,Varzea Da Palma,-17.5981,-44.7308,80.28,74,100,1.07,BR,2022-02-02 20:23:31
373,Nouadhibou,20.931,-17.0347,71.58,60,2,14.97,MR,2022-02-02 20:23:32
374,Laguna,38.421,-121.4238,61.43,28,0,11.01,US,2022-02-02 20:23:32
375,Mao,39.8885,4.2658,50.56,93,0,6.91,ES,2022-02-02 20:23:33
376,Mchinji,-13.7984,32.8802,64.87,95,8,2.55,MW,2022-02-02 20:23:33
377,Ambo,-10.1308,-76.2047,71.67,61,100,8.66,PE,2022-02-02 20:23:33
378,Olean,42.0776,-78.4297,43.48,64,75,6.91,US,2022-02-02 20:23:34
379,Broken Hill,-31.95,141.4333,56.91,58,0,16.11,AU,2022-02-02 20:23:34
380,Zavetnoye,47.1194,43.8903,35.24,92,100,9.44,RU,2022-02-02 20:19:11
381,College,64.8569,-147.8028,-16.94,70,20,0.0,US,2022-02-02 20:23:35
382,Sao Felix Do Xingu,-6.6447,-51.995,82.98,74,43,2.35,BR,2022-02-02 20:21:33
383,Brazzaville,-4.2658,15.2832,79.16,83,20,2.3,CG,2022-02-02 20:21:59
384,Rudnichnyy,59.617,52.4703,21.65,94,100,8.41,RU,2022-02-02 20:23:35
385,Fairlie,55.756,-4.8556,50.0,91,100,5.99,GB,2022-02-02 20:23:36
386,Sao Joao Da Barra,-21.6403,-41.0511,75.29,85,99,9.15,BR,2022-02-02 20:23:36
387,Sundsvall,62.3913,17.3063,10.36,85,100,9.22,SE,2022-02-02 20:23:36
388,Manakara,-22.1333,48.0167,73.78,84,34,6.11,MG,2022-02-02 20:23:37
389,Iquique,-20.2208,-70.1431,71.64,72,18,10.47,CL,2022-02-02 20:22:46
390,Balikpapan,-1.2675,116.8289,74.8,91,100,6.13,ID,2022-02-02 20:23:37
391,Lingyuan,41.24,119.4011,10.51,58,0,3.09,CN,2022-02-02 20:23:38
392,Kyra,49.5776,111.9753,-11.94,92,12,5.77,RU,2022-02-02 20:23:38
393,Srednekolymsk,67.45,153.6833,-19.28,96,100,2.82,RU,2022-02-02 20:23:39
394,Madang,-5.2246,145.7966,74.23,89,100,4.54,PG,2022-02-02 20:23:39
395,Guilin,25.2819,110.2864,39.31,87,90,6.13,CN,2022-02-02 20:23:39
396,Codrington,-38.2667,141.9667,59.25,56,73,16.53,AU,2022-02-02 20:23:40
397,Biskamzha,53.4497,89.5272,0.5,100,99,1.57,RU,2022-02-02 20:23:40
398,Nisia Floresta,-6.0911,-35.2086,85.01,66,17,11.86,BR,2022-02-02 20:23:40
399,Severo-Kurilsk,50.6789,156.125,26.29,83,95,6.87,RU,2022-02-02 20:23:41
400,Mount Darwin,-16.7725,31.5838,67.95,95,0,0.94,ZW,2022-02-02 20:23:41
401,Marawi,7.9986,124.2928,66.65,90,97,1.32,PH,2022-02-02 20:23:41
402,Mnogovershinnyy,53.9353,139.9242,-9.29,92,100,5.97,RU,2022-02-02 20:23:42
403,Villa Carlos Paz,-31.4241,-64.4978,83.39,32,98,4.0,AR,2022-02-02 20:23:42
404,Necochea,-38.5473,-58.7368,88.81,40,100,16.51,AR,2022-02-02 20:23:42
405,Ozernovskiy,51.5,156.5167,26.46,75,100,5.26,RU,2022-02-02 20:24:43
406,Ust-Tsilma,65.441,52.1498,14.86,98,100,2.17,RU,2022-02-02 20:24:43
407,Hearst,49.6835,-83.6665,3.45,76,100,8.1,CA,2022-02-02 20:24:44
408,Lucapa,-8.4192,20.7447,66.4,95,100,2.73,AO,2022-02-02 20:24:44
409,San Borja,-14.8167,-66.85,86.4,65,80,2.26,BO,2022-02-02 20:24:45
410,Bogorodskoye,56.55,37.8833,22.26,91,100,4.56,RU,2022-02-02 20:24:45
411,Sosnovo-Ozerskoye,52.5249,111.5418,-29.6,100,36,1.95,RU,2022-02-02 20:24:45
412,Sidney,-33.8679,151.2073,65.71,81,75,1.99,AU,2022-02-02 20:21:19
413,Sorong,-0.8833,131.25,77.72,87,100,3.44,ID,2022-02-02 20:21:40
414,Calama,-22.4667,-68.9333,75.69,12,0,25.32,CL,2022-02-02 20:24:07
415,Ponta Delgada,37.7333,-25.6667,59.5,77,20,6.91,PT,2022-02-02 20:22:08
416,Christiana,-27.914,25.1611,74.91,61,61,8.23,ZA,2022-02-02 20:24:47
417,Saint-Augustin,51.226,-58.6502,24.49,81,100,25.01,CA,2022-02-02 20:24:47
418,Lavrentiya,65.5833,-171.0,0.1,69,1,20.31,RU,2022-02-02 20:23:45
419,Lensk,60.7253,114.9278,-15.0,100,98,4.72,RU,2022-02-02 20:24:47
420,Tuatapere,-46.1333,167.6833,57.81,90,100,7.49,NZ,2022-02-02 20:24:48
421,Zhiryatino,53.2228,33.7306,23.32,95,100,8.3,RU,2022-02-02 20:24:48
422,Christiansburg,37.1298,-80.4089,47.86,56,100,3.44,US,2022-02-02 20:24:40
423,Burns Lake,54.2331,-125.7533,4.42,89,100,2.86,CA,2022-02-02 20:20:04
424,Hurricane,37.1753,-113.2899,41.7,21,0,18.66,US,2022-02-02 20:24:49
425,Luanda,-8.8368,13.2343,76.95,74,15,12.12,AO,2022-02-02 20:20:04
426,Atherton,53.5237,-2.4935,50.29,87,100,3.0,GB,2022-02-02 20:24:50
427,Turukhansk,65.8167,87.9833,1.96,94,100,7.96,RU,2022-02-02 20:24:50
428,Straseni,47.1414,28.6103,34.43,60,100,1.83,MD,2022-02-02 20:24:50
429,Katobu,-4.9408,122.5276,75.51,90,100,1.57,ID,2022-02-02 20:24:51
430,Worland,44.0169,-107.9554,9.75,65,0,1.99,US,2022-02-02 20:24:51
431,Geraldton,-28.7667,114.6,84.61,18,0,16.11,AU,2022-02-02 20:24:51
432,Vestmanna,62.1564,-7.1664,38.32,93,75,13.8,FO,2022-02-02 20:24:52
433,Kabarnet,0.4919,35.743,63.41,62,100,2.71,KE,2022-02-02 20:24:52
434,Grand Gaube,-20.0064,57.6608,81.0,86,100,18.99,MU,2022-02-02 20:24:53
435,Valley Station,38.1112,-85.8702,51.15,89,100,5.99,US,2022-02-02 20:24:53
436,Moose Factory,51.2585,-80.6094,-0.4,50,0,14.97,CA,2022-02-02 20:24:53
437,Leh,34.1667,77.5833,4.03,91,96,2.75,IN,2022-02-02 20:24:54
438,Cap Malheureux,-19.9842,57.6142,81.09,86,100,18.99,MU,2022-02-02 20:24:54
439,Tazovskiy,67.4667,78.7,-12.98,98,100,8.05,RU,2022-02-02 20:24:55
440,San,13.3034,-4.8956,78.12,11,0,8.14,ML,2022-02-02 20:24:55
441,Mindelo,16.8901,-24.9804,72.95,73,20,26.46,CV,2022-02-02 20:24:56
442,Shenzhen,22.5455,114.0683,58.14,96,100,8.95,CN,2022-02-02 20:24:56
443,Orbetello,42.4408,11.2196,52.79,46,0,4.61,IT,2022-02-02 20:24:56
444,North Myrtle Beach,33.816,-78.68,65.35,69,100,8.05,US,2022-02-02 20:24:57
445,Yenotayevka,47.2456,47.0281,29.7,98,100,9.22,RU,2022-02-02 20:24:57
446,Pacific Grove,36.6177,-121.9166,63.41,27,0,3.0,US,2022-02-02 20:23:00
447,Belmonte,-15.8631,-38.8828,82.9,73,100,8.39,BR,2022-02-02 20:24:58
448,Yarada,17.65,83.2667,71.92,94,20,2.3,IN,2022-02-02 20:24:58
449,Sarkand,45.41,79.9186,16.43,65,61,7.58,KZ,2022-02-02 20:24:59
450,Ashcroft,50.7165,-121.2859,19.78,90,100,4.56,CA,2022-02-02 20:24:59
451,Dongsheng,39.8161,109.9776,10.9,34,4,4.56,CN,2022-02-02 20:26:00
452,Pauri,30.15,78.7833,45.0,59,89,4.68,IN,2022-02-02 20:26:00
453,Contai,21.7786,87.7536,69.94,89,0,6.76,IN,2022-02-02 20:26:00
454,Ola,59.5833,151.2833,11.7,81,100,9.4,RU,2022-02-02 20:26:01
455,Sao Bento Do Sul,-26.2503,-49.3786,76.05,92,61,5.97,BR,2022-02-02 20:26:01
456,Artvin,41.1667,41.8333,45.68,85,100,7.02,TR,2022-02-02 20:21:48
457,Luderitz,-26.6481,15.1594,67.73,80,61,0.83,NA,2022-02-02 20:26:02
458,Mutsu,41.2894,141.2169,28.0,81,99,14.27,JP,2022-02-02 20:26:02
459,Alto Araguaia,-17.3147,-53.2153,78.64,76,66,11.21,BR,2022-02-02 20:26:03
460,Kalangala,-0.3089,32.225,73.58,69,75,8.37,UG,2022-02-02 20:26:03
461,Rio Grande,-32.035,-52.0986,86.11,70,0,17.0,BR,2022-02-02 20:26:03
462,Havre,49.5833,0.3333,46.83,81,100,11.5,FR,2022-02-02 20:26:04
463,Aksu,41.1231,80.2644,23.9,51,100,2.68,CN,2022-02-02 20:26:04
464,Rahden,52.4333,8.6167,40.05,86,100,5.3,DE,2022-02-02 20:26:05
465,Harper,4.375,-7.7169,79.36,78,82,8.19,LR,2022-02-02 20:25:41
466,Rosita,13.9268,-84.4032,82.31,60,68,4.68,NI,2022-02-02 20:26:05
467,Balakhninskiy,58.0106,114.2769,-19.55,100,100,2.28,RU,2022-02-02 20:26:05
468,Zhangye,38.9342,100.4517,22.21,36,70,9.1,CN,2022-02-02 20:26:06
469,Batagay,67.6333,134.6333,-32.85,99,63,3.67,RU,2022-02-02 20:26:06
470,Bulungu,-4.55,18.6,73.2,89,100,1.34,CD,2022-02-02 20:26:07
471,Dzaoudzi,-12.7887,45.2699,80.49,83,0,5.75,YT,2022-02-02 20:26:07
472,Goure,13.9835,10.2704,68.02,11,98,8.68,NE,2022-02-02 20:26:08
473,Baltiysk,54.6538,19.911,30.88,73,100,15.7,RU,2022-02-02 20:26:08
474,Olot,42.181,2.4901,54.75,99,3,5.68,ES,2022-02-02 20:26:08
475,Concordia,-31.393,-58.0209,100.47,40,40,1.99,AR,2022-02-02 20:25:00
476,Saint-Georges,12.0564,-61.7485,83.88,70,40,24.16,GD,2022-02-02 20:26:09
477,Porto Novo,6.4965,2.6036,82.22,72,1,6.42,BJ,2022-02-02 20:26:09
478,Nisko,50.5199,22.1397,35.98,85,100,5.99,PL,2022-02-02 20:26:10
479,Svetlogorsk,52.6333,29.7333,29.35,97,100,10.8,BY,2022-02-02 20:25:44
480,Sirsa,29.5333,75.0167,60.76,46,100,14.94,IN,2022-02-02 20:26:11
481,Kongoussi,13.3258,-1.5347,74.35,11,4,9.15,BF,2022-02-02 20:26:11
482,Kalmanka,52.8992,83.5433,15.1,100,73,0.92,RU,2022-02-02 20:26:11
483,Niort,46.3333,-0.3333,45.3,90,50,1.43,FR,2022-02-02 20:26:12
484,Vestmannaeyjar,63.4427,-20.2734,29.39,93,100,20.71,IS,2022-02-02 20:26:12
485,Barinas,8.6226,-70.2075,92.89,40,17,6.91,VE,2022-02-02 20:26:13
486,Cartagena,10.3997,-75.5144,89.22,58,20,14.97,CO,2022-02-02 20:25:07
487,Dudinka,69.4058,86.1778,-8.01,100,95,5.5,RU,2022-02-02 20:26:13
488,Salalah,17.0151,54.0924,73.49,40,0,3.44,OM,2022-02-02 20:26:14
489,Aloleng,16.1307,119.7824,75.9,73,7,6.82,PH,2022-02-02 20:26:14
490,General Pico,-35.6566,-63.7568,88.32,42,100,3.62,AR,2022-02-02 20:21:15
491,Bourg-En-Bresse,46.1667,5.1667,46.29,98,98,2.68,FR,2022-02-02 20:26:15
492,Lloydminster,53.2835,-110.0016,-15.12,76,20,10.36,CA,2022-02-02 20:25:50
493,Maniitsoq,65.4167,-52.9,1.76,82,100,18.16,GL,2022-02-02 20:26:15
494,Tharad,24.3961,71.6267,68.16,75,0,15.14,IN,2022-02-02 20:26:16
495,La Palma,33.8464,-118.0467,68.61,17,0,4.0,US,2022-02-02 20:26:16
496,Tamale,9.4008,-0.8393,80.74,9,53,5.01,GH,2022-02-02 20:26:16
497,Blairmore,49.6,-114.4353,4.59,51,100,13.8,CA,2022-02-02 20:27:17
498,Katherine,-14.4667,132.2667,77.32,94,78,4.61,AU,2022-02-02 20:23:13
499,Namibe,-15.1961,12.1522,73.83,69,76,11.39,AO,2022-02-02 20:27:18
500,Beirut,33.8889,35.4944,56.14,51,99,4.61,LB,2022-02-02 20:27:18
501,Anaconda,46.1285,-112.9423,3.96,67,82,3.22,US,2022-02-02 20:27:18
502,Cascais,38.6979,-9.4215,58.35,68,0,1.01,PT,2022-02-02 20:27:19
503,Benghazi,32.1167,20.0667,56.84,55,99,22.32,LY,2022-02-02 20:27:19
504,Aswan,24.0934,32.907,61.7,35,0,4.7,EG,2022-02-02 20:24:31
505,Nyurba,63.2842,118.3319,-34.56,100,68,3.6,RU,2022-02-02 20:27:20
506,Benidorm,38.5382,-0.131,66.49,70,0,1.32,ES,2022-02-02 20:27:20
507,Porto Belo,-27.1578,-48.5531,86.63,75,0,14.09,BR,2022-02-02 20:27:21
508,Chimore,-16.9833,-65.1333,79.29,84,90,3.49,BO,2022-02-02 20:27:21
509,Gat,31.61,34.7642,61.39,59,99,6.06,IL,2022-02-02 20:27:21
510,Flinders,-34.5833,150.8552,65.21,74,100,13.0,AU,2022-02-02 20:27:22
511,Binzhou,37.3667,118.0167,26.11,41,0,4.32,CN,2022-02-02 20:27:22
512,Brae,60.3964,-1.353,46.31,88,100,9.62,GB,2022-02-02 20:27:23
513,Birao,10.2849,22.7882,74.91,19,10,3.76,CF,2022-02-02 20:27:23
514,Aksarka,66.5606,67.7975,5.27,96,100,6.69,RU,2022-02-02 20:27:24
515,Elko,41.0002,-115.5012,26.74,37,5,10.0,US,2022-02-02 20:27:10
516,Cukai,4.25,103.4167,75.34,90,58,5.37,MY,2022-02-02 20:27:24
517,Yulara,-25.2406,130.9889,66.04,68,100,10.36,AU,2022-02-02 20:25:02
518,Pindiga,9.9833,10.9333,72.9,15,0,7.38,NG,2022-02-02 20:27:25
519,Santa Maria,-29.6842,-53.8069,96.1,28,20,4.61,BR,2022-02-02 20:27:25
520,Rudbar,30.15,62.6,50.29,32,0,16.11,AF,2022-02-02 20:27:26
521,Ixtapa,20.7,-105.2,74.43,53,0,12.66,MX,2022-02-02 20:27:26
522,Hong Gai,20.956,107.0946,53.51,77,100,4.52,VN,2022-02-02 20:27:26
523,Pangai,-19.8,-174.35,81.37,70,3,10.31,TO,2022-02-02 20:27:27
524,Port Hardy,50.6996,-127.4199,43.75,93,100,14.97,CA,2022-02-02 20:27:27
525,Luang Prabang,19.8856,102.1347,63.59,96,5,1.36,LA,2022-02-02 20:23:09
526,Koutsouras,35.0339,25.9469,54.1,72,99,24.72,GR,2022-02-02 20:27:28
527,Cabedelo,-6.9811,-34.8339,84.87,68,32,13.47,BR,2022-02-02 20:27:28
528,Phan Thiet,10.9333,108.1,71.91,86,3,7.58,VN,2022-02-02 20:25:46
529,Gazli,40.1333,63.45,40.86,60,0,3.18,UZ,2022-02-02 20:27:29
530,Motygino,58.1831,94.7592,6.39,98,100,1.21,RU,2022-02-02 20:27:29
531,Minot,48.2325,-101.2963,-2.88,65,75,13.8,US,2022-02-02 20:22:40
532,Turtas,58.9417,69.1325,22.32,93,100,10.11,RU,2022-02-02 20:27:30
533,Chara,56.9064,118.2631,-23.49,85,46,0.98,RU,2022-02-02 20:27:30
534,Coihaique,-45.5752,-72.0662,66.15,52,40,11.5,CL,2022-02-02 20:26:44
535,Itoman,26.1247,127.6694,69.82,92,75,13.8,JP,2022-02-02 20:27:31
536,Torez,48.0388,38.5969,36.19,100,100,9.78,UA,2022-02-02 20:27:31
537,Tommot,58.9564,126.2925,-9.02,96,100,7.72,RU,2022-02-02 20:27:32
538,Krasnoselkup,65.7,82.4667,-24.21,100,91,4.76,RU,2022-02-02 20:27:32
539,Tete,-16.1564,33.5867,76.24,86,5,2.39,MZ,2022-02-02 20:27:32
540,Oxford,51.7522,-1.256,49.46,84,75,1.99,GB,2022-02-02 20:27:33
541,Twentynine Palms,34.1356,-116.0542,56.16,16,0,3.0,US,2022-02-02 20:27:33
542,Steamboat Springs,40.485,-106.8317,20.93,56,0,0.0,US,2022-02-02 20:28:34
543,Waw,7.7029,27.9953,79.9,20,85,5.61,SS,2022-02-02 20:28:34
544,Saint-Pierre,-21.3393,55.4781,80.28,89,75,37.98,RE,2022-02-02 20:28:34
545,Kochevo,59.5994,54.3125,22.28,93,100,7.87,RU,2022-02-02 20:28:35
546,Winter Haven,28.0222,-81.7329,80.87,40,0,11.5,US,2022-02-02 20:26:04
547,Estrela,-28.0611,-50.9383,82.92,39,63,3.33,BR,2022-02-02 20:28:35
548,Bara,10.3744,10.7288,71.56,16,3,7.92,NG,2022-02-02 20:28:36
549,Hwange,-18.3693,26.5019,70.52,90,4,1.57,ZW,2022-02-02 20:28:36
550,Vinderup,56.4752,8.7908,42.94,93,100,14.07,DK,2022-02-02 20:28:37
551,Yuncheng,35.0231,110.9928,29.98,63,79,3.13,CN,2022-02-02 20:28:37
552,Omboue,-1.5746,9.2618,78.64,84,79,4.74,GA,2022-02-02 20:28:37
553,Canavieiras,-15.675,-38.9472,82.2,71,100,7.23,BR,2022-02-02 20:28:38
554,Polson,47.6936,-114.1632,13.1,79,98,3.06,US,2022-02-02 20:28:38
555,Almaznyy,48.0448,40.045,42.94,99,100,14.45,RU,2022-02-02 20:28:39
556,Tabas,33.5959,56.9244,46.63,44,0,1.12,IR,2022-02-02 20:28:39
557,Ormara,25.2088,64.6357,68.65,35,0,34.92,PK,2022-02-02 20:28:39
558,Narsaq,60.9167,-46.05,5.22,68,18,6.69,GL,2022-02-02 20:23:51
559,Talakan,50.3167,130.3667,-21.82,100,96,0.69,RU,2022-02-02 20:28:40
560,Sioux Lookout,50.1001,-91.917,-7.22,64,100,8.05,CA,2022-02-02 20:28:40
561,Oyan,8.05,4.7667,77.04,16,4,5.03,NG,2022-02-02 20:28:41
562,Santiago Del Estero,-27.7951,-64.2615,104.85,14,6,10.71,AR,2022-02-02 20:28:41
563,Garachine,8.0647,-78.3628,82.18,72,56,7.7,PA,2022-02-02 20:28:42
564,Port Hueneme,34.1478,-119.1951,66.79,15,0,24.16,US,2022-02-02 20:28:42
565,Salinopolis,-0.6136,-47.3561,79.68,83,97,14.81,BR,2022-02-02 20:28:43
566,Lafia,8.4833,8.5167,84.02,14,6,2.91,NG,2022-02-02 20:28:43
567,Sangar,63.9242,127.4739,-22.83,98,94,2.59,RU,2022-02-02 20:28:43
568,Bull Savanna,17.8868,-77.5902,81.14,59,1,15.77,JM,2022-02-02 20:28:44
569,Tonekabon,36.8163,50.8738,44.55,55,0,3.76,IR,2022-02-02 20:28:44
570,Henties Bay,-22.116,14.2845,69.85,79,86,6.17,NA,2022-02-02 20:28:45
571,Maloy,61.9353,5.1136,32.05,50,99,4.65,NO,2022-02-02 20:28:45
572,Palauig,15.435,119.9045,76.82,69,7,3.13,PH,2022-02-02 20:28:46
573,Terney,45.0503,136.6092,9.01,73,94,10.92,RU,2022-02-02 20:28:46
574,Husavik,66.0449,-17.3389,24.71,89,98,5.17,IS,2022-02-02 20:25:24
575,Grindavik,63.8424,-22.4338,28.87,54,75,1.14,IS,2022-02-02 20:27:41
576,Portland,45.5234,-122.6762,45.45,93,100,1.01,US,2022-02-02 20:28:37
577,Adrar,20.5022,-10.0711,73.62,18,96,10.67,MR,2022-02-02 20:26:53
578,Ostrovnoy,68.0531,39.5131,20.91,87,100,15.7,RU,2022-02-02 20:27:52
579,Gobabis,-22.45,18.9667,68.18,72,52,4.92,NA,2022-02-02 20:27:09
580,Yazykovo,55.2199,56.1353,26.58,94,100,14.94,RU,2022-02-02 20:28:47
581,Matinha,-3.1006,-45.0336,83.21,68,100,6.51,BR,2022-02-02 20:28:48
582,Takoradi,4.8845,-1.7554,80.82,78,1,10.16,GH,2022-02-02 20:28:48
583,Chebenki,51.9337,55.7077,26.35,97,100,6.46,RU,2022-02-02 20:28:49
584,Kita,13.0349,-9.4895,79.83,10,1,5.48,ML,2022-02-02 20:28:49
585,Pingshan,22.9938,114.7131,51.89,94,100,6.69,CN,2022-02-02 20:28:49
586,Batticaloa,7.7102,81.6924,75.87,72,55,4.21,LK,2022-02-02 20:28:50
587,Tambopata,-12.7333,-69.1833,79.3,92,94,4.5,PE,2022-02-02 20:28:50
588,Comodoro Rivadavia,-45.8667,-67.5,82.26,23,0,16.11,AR,2022-02-02 20:29:50
