City_ID,City,Country,Date,Lat,Lng,Max Temp,Humidity,Cloudiness,Wind Speed,Current Description
0,Chililabombwe,ZM,2022-02-05 19:38:03,-12.3648,27.8229,62.42,97,93,3.47,light rain
1,Ushuaia,AR,2022-02-05 19:36:33,-54.8,-68.3,64.02,55,75,24.16,light rain
2,Murgud,IN,2022-02-05 19:38:03,16.4,74.2,63.79,78,37,0.85,scattered clouds
3,Mahebourg,MU,2022-02-05 19:38:04,-20.4081,57.7,80.26,89,75,21.85,broken clouds
4,Kirakira,SB,2022-02-05 19:38:04,-10.4544,161.9205,81.84,83,97,4.81,overcast clouds
5,Sibu,MY,2022-02-05 19:38:05,2.3,111.8167,75.51,100,40,1.99,scattered clouds
6,Flinders,AU,2022-02-05 19:38:05,-34.5833,150.8552,69.39,83,91,5.99,light rain
7,Atuona,PF,2022-02-05 19:38:05,-9.8,-139.0333,78.96,76,6,22.3,clear sky
8,Selma,US,2022-02-05 19:38:06,36.5708,-119.6121,63.03,52,100,2.1,overcast clouds
9,Carnarvon,AU,2022-02-05 19:38:06,-24.8667,113.6333,78.87,89,75,9.22,broken clouds
10,Puttur,IN,2022-02-05 19:38:07,12.7667,75.2167,73.51,95,55,1.95,broken clouds
11,Dicabisagan,PH,2022-02-05 19:38:07,17.0818,122.4157,72.99,89,88,9.26,overcast clouds
12,Punta Arenas,CL,2022-02-05 19:33:40,-53.15,-70.9167,59.11,77,100,21.85,light intensity shower rain
13,Faya,SA,2022-02-05 19:38:08,18.3851,42.4509,55.51,77,8,2.59,clear sky
14,New Norfolk,AU,2022-02-05 19:36:50,-42.7826,147.0587,56.71,67,100,1.68,overcast clouds
15,Rikitea,PF,2022-02-05 19:38:08,-23.1203,-134.9692,78.93,72,99,11.18,overcast clouds
16,Demyansk,RU,2022-02-05 19:38:09,57.643,32.466,21.51,95,100,9.19,snow
17,Fayaoue,NC,2022-02-05 19:38:09,-20.65,166.5333,82.04,79,33,15.23,scattered clouds
18,Mataura,NZ,2022-02-05 19:38:10,-46.1927,168.8643,51.48,94,100,1.05,overcast clouds
19,Archidona,ES,2022-02-05 19:38:10,37.0965,-4.3887,54.23,78,50,4.14,scattered clouds
20,Bluff,NZ,2022-02-05 19:38:10,-46.6,168.3333,51.8,71,72,13.67,broken clouds
21,Saint-Pierre,RE,2022-02-05 19:38:11,-21.3393,55.4781,82.08,69,100,6.91,overcast clouds
22,Cabedelo,BR,2022-02-05 19:38:11,-6.9811,-34.8339,86.67,67,7,11.43,clear sky
23,Saskylakh,RU,2022-02-05 19:38:12,71.9167,114.0833,-26.48,100,98,3.09,overcast clouds
24,Bairiki,KI,2022-02-05 19:38:12,1.3292,172.9752,82.4,78,40,9.22,scattered clouds
25,Tabuk,PH,2022-02-05 19:38:13,17.4189,121.4443,69.04,90,99,4.18,overcast clouds
26,Maldonado,UY,2022-02-05 19:34:26,-34.6667,-54.9167,76.39,70,55,14.67,broken clouds
27,Yellowknife,CA,2022-02-05 19:38:13,62.456,-114.3525,-9.58,89,75,6.91,light snow
28,Hamilton,US,2022-02-05 19:38:13,39.1834,-84.5333,27.09,71,0,1.99,snow
29,San Patricio,US,2022-02-05 19:38:14,28.017,-97.5169,52.21,28,0,4.63,clear sky
30,Bandrele,YT,2022-02-05 19:38:14,-12.9067,45.1914,83.95,79,75,11.5,broken clouds
31,Cape Town,ZA,2022-02-05 19:37:03,-33.9258,18.4232,72.88,60,0,1.99,clear sky
32,Evensk,RU,2022-02-05 19:38:15,61.95,159.2333,16.03,41,11,22.32,few clouds
33,Ukiah,US,2022-02-05 19:38:16,39.1502,-123.2078,69.37,51,0,0.0,clear sky
34,Visconde Do Rio Branco,BR,2022-02-05 19:38:16,-21.0103,-42.8406,79.81,86,96,4.36,very heavy rain
35,Iqaluit,CA,2022-02-05 19:38:16,63.7506,-68.5145,-25.87,62,75,0.0,broken clouds
36,Mitu,CO,2022-02-05 19:38:17,1.1983,-70.1733,79.41,85,79,3.11,broken clouds
37,Khatanga,RU,2022-02-05 19:38:17,71.9667,102.5,-31.04,99,99,2.86,overcast clouds
38,Mar Del Plata,AR,2022-02-05 19:35:31,-38.0023,-57.5575,64.09,97,100,10.0,moderate rain
39,Praia Da Vitoria,PT,2022-02-05 19:38:18,38.7333,-27.0667,59.25,88,40,15.52,scattered clouds
40,Bahir Dar,ET,2022-02-05 19:38:18,11.5936,37.3908,65.61,57,90,7.49,light rain
41,Kodiak,US,2022-02-05 19:38:18,57.79,-152.4072,33.31,86,100,0.0,overcast clouds
42,Codrington,AU,2022-02-05 19:38:19,-38.2667,141.9667,55.38,89,55,8.95,broken clouds
43,Busselton,AU,2022-02-05 19:38:19,-33.65,115.3333,65.05,87,12,5.91,few clouds
44,Karatau,KZ,2022-02-05 19:38:20,43.1667,70.4667,33.58,53,100,2.95,overcast clouds
45,Inirida,CO,2022-02-05 19:38:20,3.8653,-67.9239,82.27,75,97,4.41,overcast clouds
46,Puerto Ayora,EC,2022-02-05 19:38:21,-0.7393,-90.3518,82.36,85,85,7.0,overcast clouds
47,Port Alfred,ZA,2022-02-05 19:38:21,-33.5906,26.891,70.48,83,93,25.52,light rain
48,Yar-Sale,RU,2022-02-05 19:38:21,66.8333,70.8333,-12.44,100,77,3.27,broken clouds
49,Tasiilaq,GL,2022-02-05 19:37:01,65.6145,-37.6368,23.16,57,99,9.55,overcast clouds
50,Kavieng,PG,2022-02-05 19:38:22,-2.5744,150.7967,81.14,78,38,6.06,scattered clouds
51,Santa Maria,BR,2022-02-05 19:38:19,-29.6842,-53.8069,78.1,83,20,3.44,few clouds
52,Qaanaaq,GL,2022-02-05 19:38:22,77.484,-69.3632,1.02,88,100,3.65,overcast clouds
53,Douglas,US,2022-02-05 19:38:23,41.3,-96.167,55.0,28,0,11.01,clear sky
54,Tuktoyaktuk,CA,2022-02-05 19:38:23,69.4541,-133.0374,-32.8,68,20,10.36,few clouds
55,Jesenice,SI,2022-02-05 19:38:24,46.4306,14.0669,43.34,98,74,2.13,broken clouds
56,Geraldton,AU,2022-02-05 19:38:24,-28.7667,114.6,73.81,94,100,5.75,overcast clouds
57,Canavieiras,BR,2022-02-05 19:38:25,-15.675,-38.9472,78.87,79,53,7.25,heavy intensity rain
58,Dikson,RU,2022-02-05 19:38:25,73.5069,80.5464,-18.53,100,100,3.22,overcast clouds
59,Bethel,US,2022-02-05 19:37:52,41.3712,-73.414,27.3,68,40,1.99,scattered clouds
60,Christchurch,NZ,2022-02-05 19:35:19,-43.5333,172.6333,54.03,93,100,1.01,overcast clouds
61,Mackay,AU,2022-02-05 19:35:29,-21.15,149.2,73.69,83,43,9.22,scattered clouds
62,Hobart,AU,2022-02-05 19:35:23,-42.8794,147.3294,57.06,81,40,0.0,scattered clouds
63,Kushiro,JP,2022-02-05 19:38:26,42.975,144.3747,18.28,74,100,6.2,overcast clouds
64,Cidreira,BR,2022-02-05 19:38:26,-30.1811,-50.2056,75.0,90,100,4.92,moderate rain
65,Nome,US,2022-02-05 19:38:27,64.5011,-165.4064,-0.33,60,0,3.44,clear sky
66,Barrow,US,2022-02-05 19:38:28,71.2906,-156.7887,-14.78,70,75,12.66,haze
67,Tulun,RU,2022-02-05 19:38:28,54.5611,100.5792,22.53,75,100,9.08,overcast clouds
68,Hermanus,ZA,2022-02-05 19:35:23,-34.4187,19.2345,69.8,78,51,16.8,broken clouds
69,Shingu,JP,2022-02-05 19:38:29,33.7333,135.9833,38.91,63,68,12.06,broken clouds
70,Port Hardy,CA,2022-02-05 19:38:29,50.6996,-127.4199,44.76,87,75,4.61,broken clouds
71,Avera,US,2022-02-05 19:38:29,33.194,-82.5271,52.68,35,5,8.05,clear sky
72,Pingxiang,CN,2022-02-05 19:38:30,27.6167,113.85,40.6,88,97,2.95,overcast clouds
73,Touros,BR,2022-02-05 19:38:30,-5.1989,-35.4608,88.7,63,2,13.06,clear sky
74,Arraial Do Cabo,BR,2022-02-05 19:38:31,-22.9661,-42.0278,85.96,70,0,12.66,thunderstorm
75,Dhidhdhoo,MV,2022-02-05 19:38:31,6.8833,73.1,80.08,71,41,10.33,scattered clouds
76,Merauke,ID,2022-02-05 19:38:31,-8.4667,140.3333,79.59,88,100,10.92,overcast clouds
77,Vaini,TO,2022-02-05 19:36:33,-21.2,-175.2,77.16,94,100,8.05,light rain
78,Nicoya,CR,2022-02-05 19:38:32,10.1483,-85.452,89.15,26,6,16.31,clear sky
79,Taoudenni,ML,2022-02-05 19:37:52,22.6783,-3.9836,72.59,9,97,8.88,overcast clouds
80,Lebu,CL,2022-02-05 19:38:32,-37.6167,-73.65,63.77,70,0,19.55,clear sky
81,Coquimbo,CL,2022-02-05 19:38:33,-29.9533,-71.3436,69.53,68,20,16.11,few clouds
82,Andenes,NO,2022-02-05 19:38:33,69.3143,16.1194,33.78,86,75,27.63,light snow
83,Khuzhir,RU,2022-02-05 19:38:34,53.1939,107.3397,12.83,92,99,4.09,overcast clouds
84,Cabo San Lucas,MX,2022-02-05 19:34:03,22.8909,-109.9124,75.61,59,0,4.0,clear sky
85,Kahului,US,2022-02-05 19:38:34,20.8947,-156.47,78.96,75,20,6.91,few clouds
86,Port-Cartier,CA,2022-02-05 19:38:35,50.0334,-66.8654,12.74,73,38,6.96,scattered clouds
87,Caconda,AO,2022-02-05 19:38:35,-13.7333,15.0667,59.27,70,100,2.46,overcast clouds
88,Severo-Kurilsk,RU,2022-02-05 19:38:36,50.6789,156.125,28.09,92,100,4.45,light snow
89,Sao Joaquim,BR,2022-02-05 19:38:36,-28.2939,-49.9317,61.99,97,100,5.01,overcast clouds
90,Butaritari,KI,2022-02-05 19:37:01,3.0707,172.7902,82.56,71,49,19.24,scattered clouds
91,Hokitika,NZ,2022-02-05 19:38:37,-42.7167,170.9667,57.69,76,100,8.99,light rain
92,Alice Springs,AU,2022-02-05 19:37:58,-23.7,133.8833,58.55,88,0,4.61,clear sky
93,Caravelas,BR,2022-02-05 19:38:37,-17.7125,-39.2481,77.47,80,100,9.19,overcast clouds
94,Le Port,RE,2022-02-05 19:38:38,-20.9373,55.2919,82.4,87,100,18.1,moderate rain
95,Saint George,US,2022-02-05 19:35:52,37.1041,-113.5841,58.35,23,0,3.0,clear sky
96,Karratha,AU,2022-02-05 19:38:38,-20.7377,116.8463,84.09,72,100,7.87,overcast clouds
97,Aksarayskiy,RU,2022-02-05 19:38:39,46.7924,48.0119,31.98,79,98,15.39,overcast clouds
98,Nidzica,PL,2022-02-05 19:38:39,53.3605,20.4275,36.99,87,100,13.8,overcast clouds
99,Sungaipenuh,ID,2022-02-05 19:38:39,-2.0833,101.3833,63.97,100,100,3.02,overcast clouds
100,Ketchikan,US,2022-02-05 19:35:20,55.3422,-131.6461,44.58,87,100,13.8,light rain
101,Tashtyp,RU,2022-02-05 19:38:40,52.7939,89.8983,1.4,94,36,2.64,scattered clouds
102,Gotsu,JP,2022-02-05 19:38:41,35.0,132.2167,35.65,57,100,24.43,overcast clouds
103,Albany,US,2022-02-05 19:35:48,42.6001,-73.9662,20.84,60,4,1.99,clear sky
104,Liberty,US,2022-02-05 19:38:41,31.8335,-81.5004,56.05,49,0,1.01,clear sky
105,Esperance,AU,2022-02-05 19:38:41,-33.8667,121.9,64.24,70,5,17.27,clear sky
106,The Valley,AI,2022-02-05 19:38:42,18.217,-63.0578,80.46,83,75,13.8,broken clouds
107,Castro,BR,2022-02-05 19:35:22,-24.7911,-50.0119,72.97,89,36,7.49,scattered clouds
108,Georgetown,MY,2022-02-05 19:38:42,5.4112,100.3354,80.89,85,20,1.01,few clouds
109,Golden,US,2022-02-05 19:33:55,39.7555,-105.2211,51.21,29,75,24.0,broken clouds
110,Taywarah,AF,2022-02-05 19:38:43,33.35,64.4167,24.24,77,81,5.95,light snow
111,Fortuna,US,2022-02-05 19:38:43,40.5982,-124.1573,57.92,69,0,3.44,clear sky
112,Nikolskoye,RU,2022-02-05 19:38:44,59.7035,30.7861,27.88,95,100,9.04,light snow
113,Avarua,CK,2022-02-05 19:38:44,-21.2078,-159.775,80.65,78,100,14.97,light rain
114,Sapa,PH,2022-02-05 19:38:45,5.1544,120.3241,79.99,81,100,9.28,overcast clouds
115,Dolores,AR,2022-02-05 19:38:45,-36.3132,-57.6792,62.89,80,100,10.83,overcast clouds
116,Chuy,UY,2022-02-05 19:38:45,-33.6971,-53.4616,72.1,79,82,4.18,broken clouds
117,Kawalu,ID,2022-02-05 19:38:46,-7.3817,108.2082,73.26,95,93,2.37,overcast clouds
118,Puerto Escondido,MX,2022-02-05 19:34:05,15.85,-97.0667,84.07,52,0,9.01,clear sky
119,Chokurdakh,RU,2022-02-05 19:38:46,70.6333,147.9167,-30.41,100,100,1.99,overcast clouds
120,Isangel,VU,2022-02-05 19:37:47,-19.55,169.2667,80.71,94,100,14.97,overcast clouds
121,Ahipara,NZ,2022-02-05 19:38:47,-35.1667,173.1667,71.82,97,98,5.35,overcast clouds
122,Salalah,OM,2022-02-05 19:38:47,17.0151,54.0924,75.29,73,75,4.61,broken clouds
123,Havre-Saint-Pierre,CA,2022-02-05 19:38:48,50.2334,-63.5986,8.6,66,100,12.66,overcast clouds
124,La Palma,US,2022-02-05 19:36:54,33.8464,-118.0467,75.16,17,20,1.01,few clouds
125,Kaeo,NZ,2022-02-05 19:38:48,-35.1,173.7833,73.33,98,86,6.93,overcast clouds
126,Bengkulu,ID,2022-02-05 19:38:49,-3.8004,102.2655,73.27,96,100,8.72,light rain
127,Kailua,US,2022-02-05 19:38:49,21.4022,-157.7394,79.74,79,75,6.91,broken clouds
128,Bima,ID,2022-02-05 19:38:49,-8.4667,118.7167,77.05,93,100,3.33,overcast clouds
129,Tulsipur,NP,2022-02-05 19:38:50,28.131,82.2973,46.63,86,0,3.71,clear sky
130,Upernavik,GL,2022-02-05 19:38:50,72.7868,-56.1549,-2.02,99,100,4.5,overcast clouds
131,Springbok,ZA,2022-02-05 19:38:50,-29.6643,17.8865,81.64,28,72,3.62,broken clouds
132,Sokolow Podlaski,PL,2022-02-05 19:38:51,52.4068,22.2531,38.08,85,73,15.66,broken clouds
133,Severodvinsk,RU,2022-02-05 19:38:51,64.5635,39.8302,3.31,86,100,16.37,overcast clouds
134,San Cristobal,VE,2022-02-05 19:38:52,7.7669,-72.225,75.38,77,98,2.42,overcast clouds
135,Dubai,AE,2022-02-05 19:34:50,25.2582,55.3047,75.22,64,0,8.05,clear sky
136,College,US,2022-02-05 19:38:52,64.8569,-147.8028,7.23,77,75,0.0,broken clouds
137,Elat,IL,2022-02-05 19:38:53,29.5581,34.9482,57.04,44,75,0.0,broken clouds
138,Seoul,KR,2022-02-05 19:36:53,37.5683,126.9778,22.44,67,0,2.3,clear sky
139,Bandarbeyla,SO,2022-02-05 19:38:53,9.4942,50.8122,74.88,70,100,10.27,overcast clouds
140,Norman Wells,CA,2022-02-05 19:38:53,65.282,-126.8329,-5.91,91,99,6.93,overcast clouds
141,Kapaa,US,2022-02-05 19:38:54,22.0752,-159.319,73.72,79,40,1.01,scattered clouds
142,Arrifes,PT,2022-02-05 19:38:54,37.7667,-25.7,60.24,82,20,13.8,few clouds
143,Longyearbyen,SJ,2022-02-05 19:36:48,78.2186,15.6401,10.24,56,20,21.85,few clouds
144,Melioratorov,RU,2022-02-05 19:38:55,57.2107,65.6077,16.18,67,0,8.95,clear sky
145,Marga,RO,2022-02-05 19:38:55,45.5,22.5167,29.88,95,82,2.66,broken clouds
146,Zyryanka,RU,2022-02-05 19:38:56,65.75,150.85,-41.03,100,51,2.93,broken clouds
147,Mnogovershinnyy,RU,2022-02-05 19:38:56,53.9353,139.9242,-3.12,91,100,6.02,overcast clouds
148,Naryan-Mar,RU,2022-02-05 19:38:56,67.6713,53.087,-3.32,97,94,11.21,overcast clouds
149,Hofn,IS,2022-02-05 19:38:57,64.2539,-15.2082,27.32,57,100,10.78,overcast clouds
150,Hasaki,JP,2022-02-05 19:38:57,35.7333,140.8333,25.2,37,5,8.19,clear sky
151,Luganville,VU,2022-02-05 19:38:58,-15.5333,167.1667,80.01,84,96,4.56,overcast clouds
152,Huron,US,2022-02-05 19:38:58,41.1501,-82.5499,26.08,72,100,7.16,overcast clouds
153,Gimli,CA,2022-02-05 19:38:58,50.6336,-96.9907,9.12,72,100,8.05,overcast clouds
154,Kununurra,AU,2022-02-05 19:36:56,-15.7667,128.7333,78.78,94,100,0.0,overcast clouds
155,Chicama,PE,2022-02-05 19:38:59,-7.8447,-79.1469,66.74,57,12,11.63,few clouds
156,Katsuura,JP,2022-02-05 19:36:56,35.1333,140.3,37.42,55,10,11.86,clear sky
157,Ortakoy,TR,2022-02-05 19:39:00,38.7373,34.0387,10.65,72,11,3.31,few clouds
158,Mantua,IT,2022-02-05 19:39:00,45.1667,10.7833,49.69,87,0,3.69,clear sky
159,Harstad,NO,2022-02-05 19:39:00,68.799,16.5293,36.79,82,94,15.03,light rain
160,Vardo,NO,2022-02-05 19:35:30,70.3705,31.1107,26.74,79,100,27.96,overcast clouds
161,Antofagasta,CL,2022-02-05 19:35:56,-23.65,-70.4,73.22,60,3,9.44,clear sky
162,Tromso,NO,2022-02-05 19:36:55,69.6496,18.957,32.02,64,75,20.71,light snow
163,Businga,CD,2022-02-05 19:39:01,3.3333,20.8833,76.39,37,95,0.92,overcast clouds
164,Talnakh,RU,2022-02-05 19:39:02,69.4865,88.3972,-18.26,100,100,2.95,overcast clouds
165,Mildura,AU,2022-02-05 19:39:02,-34.2,142.15,69.76,40,75,9.22,broken clouds
166,Torbay,CA,2022-02-05 19:35:13,47.6666,-52.7314,49.75,94,100,24.16,moderate rain
167,Kieta,PG,2022-02-05 19:39:03,-6.2167,155.6333,80.02,83,83,6.67,broken clouds
168,East London,ZA,2022-02-05 19:39:03,-33.0153,27.9116,69.73,86,100,17.87,light rain
169,Sovetskiy,RU,2022-02-05 19:39:04,61.3614,63.5842,15.57,94,99,7.34,overcast clouds
170,Saldanha,ZA,2022-02-05 19:39:04,-33.0117,17.9442,78.85,75,9,6.15,clear sky
171,Umm Kaddadah,SD,2022-02-05 19:39:05,13.6017,26.6876,60.1,18,95,17.27,overcast clouds
172,Tezu,IN,2022-02-05 19:39:05,27.9167,96.1667,54.16,96,100,1.95,overcast clouds
173,Ippy,CF,2022-02-05 19:39:06,6.2679,21.2247,78.69,20,100,4.79,overcast clouds
174,Barra Do Garcas,BR,2022-02-05 19:39:06,-15.89,-52.2567,91.98,62,40,3.8,scattered clouds
175,Bambous Virieux,MU,2022-02-05 19:36:45,-20.3428,57.7575,80.22,89,75,21.85,light rain
176,Moose Factory,CA,2022-02-05 19:39:06,51.2585,-80.6094,1.4,46,0,8.05,clear sky
177,Tual,ID,2022-02-05 19:39:07,-5.6667,132.75,83.14,75,100,9.55,overcast clouds
178,Pontes E Lacerda,BR,2022-02-05 19:39:07,-15.2261,-59.3353,85.21,71,93,3.15,overcast clouds
179,Kralendijk,BQ,2022-02-05 19:39:08,12.15,-68.2667,76.98,78,40,4.61,light intensity drizzle
180,Cockburn Town,TC,2022-02-05 19:36:38,21.4612,-71.1419,80.56,54,40,11.5,scattered clouds
181,Nova Lima,BR,2022-02-05 19:39:08,-19.9856,-43.8467,80.94,73,75,6.91,moderate rain
182,Nagapattinam,IN,2022-02-05 19:39:09,10.7667,79.8333,76.51,78,53,11.07,broken clouds
183,Aberdeen,GB,2022-02-05 19:39:09,57.1437,-2.0981,39.69,70,78,9.22,broken clouds
184,Boende,CD,2022-02-05 19:39:10,-0.2167,20.8667,78.28,56,31,2.26,scattered clouds
185,Los Llanos De Aridane,ES,2022-02-05 19:39:10,28.6585,-17.9182,64.15,87,0,12.66,clear sky
186,Port Elizabeth,ZA,2022-02-05 19:39:10,-33.918,25.5701,70.11,83,20,16.11,few clouds
187,Alekseyevsk,RU,2022-02-05 19:39:11,57.8406,108.3492,17.4,94,100,9.8,light snow
188,Forest,US,2022-02-05 19:39:11,37.3638,-79.2897,37.99,37,0,1.99,clear sky
189,Luderitz,NA,2022-02-05 19:39:12,-26.6481,15.1594,68.09,78,97,3.49,overcast clouds
190,Bismarck,US,2022-02-05 19:36:11,46.8083,-100.7837,44.87,77,75,11.5,broken clouds
191,Port Augusta,AU,2022-02-05 19:39:12,-32.5,137.7667,72.72,29,48,16.4,scattered clouds
192,Benguela,AO,2022-02-05 19:39:13,-12.5763,13.4055,76.62,70,100,4.7,overcast clouds
193,Noumea,NC,2022-02-05 19:34:53,-22.2763,166.4572,76.98,86,17,7.63,light rain
194,San Juan Del Sur,NI,2022-02-05 19:39:13,11.2529,-85.8705,84.42,65,75,6.91,broken clouds
195,Teguise,ES,2022-02-05 19:39:13,29.0605,-13.564,64.62,49,0,13.8,clear sky
196,Dunedin,NZ,2022-02-05 19:37:49,-45.8742,170.5036,56.8,72,46,1.01,scattered clouds
197,Monrovia,LR,2022-02-05 19:39:14,6.3005,-10.7969,82.17,83,9,9.48,clear sky
198,Hovd,MN,2022-02-05 19:39:14,48.0056,91.6419,-13.09,81,17,3.02,few clouds
199,Srednekolymsk,RU,2022-02-05 19:39:15,67.45,153.6833,-39.78,99,38,3.67,scattered clouds
200,Ostrovnoy,RU,2022-02-05 19:39:15,68.0531,39.5131,16.38,82,100,31.56,overcast clouds
201,Broken Hill,AU,2022-02-05 19:39:16,-31.95,141.4333,67.71,45,75,14.97,broken clouds
202,Hilo,US,2022-02-05 19:38:58,19.7297,-155.09,77.11,75,0,0.0,clear sky
203,Radstadt,AT,2022-02-05 19:39:16,47.3833,13.45,30.02,94,22,4.47,few clouds
204,Marsabit,KE,2022-02-05 19:39:17,2.3284,37.9899,73.17,32,100,7.31,overcast clouds
205,Bontang,ID,2022-02-05 19:39:17,0.1333,117.5,76.95,89,100,8.66,overcast clouds
206,Caborca,MX,2022-02-05 19:39:18,30.5838,-111.101,64.69,14,0,2.53,clear sky
207,Mikhaylovka,RU,2022-02-05 19:39:18,50.06,43.2379,7.25,96,16,8.12,few clouds
208,Kaitangata,NZ,2022-02-05 19:39:15,-46.2817,169.8464,48.83,82,90,5.5,overcast clouds
209,Tymovskoye,RU,2022-02-05 19:39:19,50.8456,142.655,5.2,95,100,7.9,light snow
210,Saint-Francois,FR,2022-02-05 19:39:20,46.4154,3.9054,35.67,91,0,2.3,clear sky
211,Mana,GF,2022-02-05 19:39:20,5.6592,-53.7767,80.02,79,32,10.56,moderate rain
212,Ostrovskoye,RU,2022-02-05 19:39:21,57.8057,42.2433,2.1,100,96,2.01,overcast clouds
213,Kismayo,SO,2022-02-05 19:39:21,-0.3582,42.5454,78.17,80,71,10.92,broken clouds
214,Harper,LR,2022-02-05 19:39:21,4.375,-7.7169,80.29,81,21,10.31,few clouds
215,Ternate,ID,2022-02-05 19:39:22,0.8,127.4,79.9,82,100,8.77,overcast clouds
216,Altagracia De Orituco,VE,2022-02-05 19:39:22,9.8601,-66.3814,85.84,44,50,8.99,scattered clouds
217,Zemio,CF,2022-02-05 19:39:23,5.0314,25.1361,76.59,23,100,3.6,overcast clouds
218,Sabang,ID,2022-02-05 19:39:23,5.8933,95.3214,81.27,74,94,11.03,overcast clouds
219,Nanortalik,GL,2022-02-05 19:39:23,60.1432,-45.2371,10.83,61,52,18.21,broken clouds
220,Cayenne,GF,2022-02-05 19:39:23,4.9333,-52.3333,84.24,81,75,5.01,broken clouds
221,Muros,ES,2022-02-05 19:39:24,42.7762,-9.0603,50.5,75,0,14.14,clear sky
222,Sioux Lookout,CA,2022-02-05 19:39:25,50.1001,-91.917,7.18,72,100,10.36,overcast clouds
223,Saint-Prosper,CA,2022-02-05 19:39:25,46.2117,-70.4811,9.75,84,94,13.04,overcast clouds
224,Grand Gaube,MU,2022-02-05 19:39:25,-20.0064,57.6608,80.38,77,100,8.01,overcast clouds
225,Imperatriz,BR,2022-02-05 19:39:26,-5.5264,-47.4917,87.85,66,75,0.0,broken clouds
226,Barabai,ID,2022-02-05 19:39:26,-2.5833,115.3833,74.52,96,99,1.1,overcast clouds
227,Nemuro,JP,2022-02-05 19:39:27,43.3236,145.575,23.18,73,99,17.72,overcast clouds
228,Mount Gambier,AU,2022-02-05 19:39:27,-37.8333,140.7667,58.91,82,75,6.91,broken clouds
229,Amuntai,ID,2022-02-05 19:39:27,-2.4177,115.2494,74.12,98,98,1.41,overcast clouds
230,Ancud,CL,2022-02-05 19:39:28,-41.8697,-73.8203,74.23,60,17,6.67,few clouds
231,Saint-Augustin,CA,2022-02-05 19:39:28,51.226,-58.6502,4.78,94,100,17.16,light snow
232,Vostok,RU,2022-02-05 19:39:29,46.4856,135.8833,-11.38,99,100,3.29,overcast clouds
233,Aklavik,CA,2022-02-05 19:39:29,68.2191,-135.0107,-31.97,66,40,3.44,scattered clouds
234,Oussouye,SN,2022-02-05 19:39:30,12.485,-16.5469,87.98,48,3,7.43,clear sky
235,Coahuayana,MX,2022-02-05 19:39:30,18.7333,-103.6833,89.08,41,26,6.98,scattered clouds
236,Presidencia Roque Saenz Pena,AR,2022-02-05 19:39:30,-26.7852,-60.4388,93.92,24,0,10.89,clear sky
237,Portland,US,2022-02-05 19:35:27,45.5234,-122.6762,50.94,81,75,3.0,broken clouds
238,Okha,RU,2022-02-05 19:39:31,53.5739,142.9478,4.28,92,100,20.11,overcast clouds
239,Colares,PT,2022-02-05 19:39:31,38.7992,-9.4469,56.28,73,20,1.01,few clouds
240,Batamshinskiy,KZ,2022-02-05 19:39:32,50.5594,58.2747,10.38,99,100,8.25,overcast clouds
241,Rusape,ZW,2022-02-05 19:39:32,-18.5278,32.1284,61.88,90,38,5.99,scattered clouds
242,Xining,CN,2022-02-05 19:39:32,36.6167,101.7667,11.84,90,100,1.63,overcast clouds
243,Male,MV,2022-02-05 19:39:33,4.1748,73.5089,82.35,78,75,4.61,broken clouds
244,Mujiayingzi,CN,2022-02-05 19:39:33,42.1167,118.7833,6.75,73,0,7.31,clear sky
245,Fairbanks,US,2022-02-05 19:35:01,64.8378,-147.7164,7.25,77,100,0.0,overcast clouds
246,Vestmannaeyjar,IS,2022-02-05 19:39:34,63.4427,-20.2734,29.79,62,86,7.99,overcast clouds
247,Bilma,NE,2022-02-05 19:39:34,18.6853,12.9164,62.53,18,0,5.19,clear sky
248,Provideniya,RU,2022-02-05 19:39:35,64.3833,-173.3,-6.21,86,2,10.54,clear sky
249,Kuytun,RU,2022-02-05 19:39:35,54.3419,101.5036,20.28,86,100,7.78,overcast clouds
250,Nador,MA,2022-02-05 19:37:04,35.174,-2.9287,59.25,82,75,4.61,broken clouds
251,Digras,IN,2022-02-05 19:39:35,20.1167,77.7167,64.6,24,3,3.58,clear sky
252,Nishihara,JP,2022-02-05 19:39:36,26.1842,127.7558,56.48,58,75,17.27,broken clouds
253,Hay River,CA,2022-02-05 19:39:36,60.8156,-115.7999,-2.22,60,75,1.14,broken clouds
254,Hithadhoo,MV,2022-02-05 19:39:37,-0.6,73.0833,81.95,74,100,12.08,overcast clouds
255,Staryy Oskol,RU,2022-02-05 19:37:42,51.2967,37.8417,0.82,100,100,4.92,overcast clouds
256,Cherskiy,RU,2022-02-05 19:39:37,68.75,161.3,-32.82,96,12,1.23,few clouds
257,Marsh Harbour,BS,2022-02-05 19:38:07,26.5412,-77.0636,74.12,56,0,4.23,clear sky
258,Lavrentiya,RU,2022-02-05 19:39:38,65.5833,-171.0,-17.36,93,12,9.82,few clouds
259,Koungheul,SN,2022-02-05 19:39:38,13.9833,-14.8,87.19,9,0,6.91,clear sky
260,Tiksi,RU,2022-02-05 19:39:38,71.6872,128.8694,-22.5,98,90,7.63,overcast clouds
261,Sarkand,KZ,2022-02-05 19:39:39,45.41,79.9186,18.7,63,0,8.7,clear sky
262,Anadyr,RU,2022-02-05 19:39:39,64.75,177.4833,-1.7,84,0,2.24,clear sky
263,Faanui,PF,2022-02-05 19:39:40,-16.4833,-151.75,81.28,72,14,19.98,few clouds
264,Jiguani,CU,2022-02-05 19:39:40,20.3667,-76.4272,82.18,32,48,12.97,scattered clouds
265,Kavaratti,IN,2022-02-05 19:39:40,10.5669,72.642,78.48,62,20,9.17,few clouds
266,Lorengau,PG,2022-02-05 19:37:43,-2.0226,147.2712,80.62,77,62,7.23,broken clouds
267,Segezha,RU,2022-02-05 19:39:41,63.7415,34.3222,16.39,89,100,16.98,light snow
268,Lodja,CD,2022-02-05 19:39:41,-3.4833,23.4333,71.37,84,26,0.74,scattered clouds
269,Santa Isabel,BR,2022-02-05 19:39:42,-23.3156,-46.2214,87.1,89,100,5.55,overcast clouds
270,Zhangye,CN,2022-02-05 19:39:42,38.9342,100.4517,18.57,61,100,1.77,overcast clouds
271,Yatou,CN,2022-02-05 19:39:43,37.15,122.3833,29.7,52,70,14.2,broken clouds
272,Darnah,LY,2022-02-05 19:39:43,32.767,22.6367,57.25,66,0,16.17,clear sky
273,Hambantota,LK,2022-02-05 19:39:43,6.1241,81.1185,73.78,85,42,13.04,scattered clouds
274,Charters Towers,AU,2022-02-05 19:39:44,-20.1,146.2667,69.73,84,1,8.34,clear sky
275,Souillac,MU,2022-02-05 19:37:49,-20.5167,57.5167,80.37,89,75,21.85,light rain
276,Tabas,IR,2022-02-05 19:39:44,33.5959,56.9244,47.68,51,0,8.7,clear sky
277,Novyy Urengoy,RU,2022-02-05 19:39:45,66.0833,76.6333,-12.77,100,93,6.38,overcast clouds
278,Oron,NG,2022-02-05 19:39:45,4.8256,8.2343,79.81,71,61,4.59,broken clouds
279,Sawtell,AU,2022-02-05 19:39:46,-30.3833,153.1,62.92,94,75,13.8,broken clouds
280,Alvdal,NO,2022-02-05 19:39:46,62.1077,10.6307,26.44,96,100,9.82,overcast clouds
281,Narsaq,GL,2022-02-05 19:39:17,60.9167,-46.05,3.42,74,3,6.67,clear sky
282,Ola,RU,2022-02-05 19:39:47,59.5833,151.2833,-2.85,74,34,11.86,scattered clouds
283,Clyde River,CA,2022-02-05 19:39:29,70.4692,-68.5914,-27.17,75,40,10.36,scattered clouds
284,Petropavlovsk-Kamchatskiy,RU,2022-02-05 19:39:47,53.0452,158.6483,16.39,62,0,8.95,clear sky
285,Sungairaya,ID,2022-02-05 19:39:47,0.7,108.9,76.77,92,96,6.87,overcast clouds
286,Mudu,CN,2022-02-05 19:39:48,31.252,120.5118,34.99,56,46,4.56,scattered clouds
287,Apatou,GF,2022-02-05 19:39:48,5.155,-54.3472,78.78,93,62,3.98,broken clouds
288,Rawson,AR,2022-02-05 19:39:49,-43.3002,-65.1023,62.87,44,0,11.27,clear sky
289,Alofi,NU,2022-02-05 19:39:49,-19.0595,-169.9187,78.69,94,100,4.61,overcast clouds
290,Broome,US,2022-02-05 19:39:49,42.2506,-75.833,19.22,66,0,3.0,clear sky
291,Pokhara,NP,2022-02-05 19:39:37,28.2333,83.9833,44.15,69,6,6.35,clear sky
292,Gat,IL,2022-02-05 19:39:50,31.61,34.7642,53.4,100,74,7.61,broken clouds
293,Trudovoye,RU,2022-02-05 19:39:50,43.3058,132.0817,-0.27,71,29,4.47,scattered clouds
294,Mount Isa,AU,2022-02-05 19:39:51,-20.7333,139.5,73.17,43,0,5.75,clear sky
295,Pochutla,MX,2022-02-05 19:39:51,15.7432,-96.4661,87.82,34,3,9.37,clear sky
296,Jamestown,US,2022-02-05 19:36:47,42.097,-79.2353,21.09,45,40,3.0,scattered clouds
297,Sitka,US,2022-02-05 19:39:52,57.0531,-135.33,44.49,70,100,13.8,light rain
298,Shimoda,JP,2022-02-05 19:39:52,34.6667,138.95,33.1,64,11,25.03,few clouds
299,Victoria,HK,2022-02-05 19:36:03,22.2855,114.1577,60.33,82,100,1.99,overcast clouds
300,Bani,DO,2022-02-05 19:39:53,18.2833,-70.3333,82.74,48,1,10.18,clear sky
301,Gladstone,AU,2022-02-05 19:39:53,-23.85,151.25,73.33,56,75,10.36,broken clouds
302,Kearns,US,2022-02-05 19:39:53,40.66,-111.9963,42.49,43,0,1.99,clear sky
303,Gorontalo,ID,2022-02-05 19:39:54,0.5412,123.0595,73.54,94,68,3.8,broken clouds
304,Nguruka,TZ,2022-02-05 19:39:54,-5.1092,31.0419,65.23,93,100,1.59,overcast clouds
305,San Lorenzo De El Escorial,ES,2022-02-05 19:39:55,40.5914,-4.1474,49.44,65,27,4.43,scattered clouds
306,Tigil,RU,2022-02-05 19:39:55,57.8,158.6667,6.44,82,72,7.38,broken clouds
307,Padang,ID,2022-02-05 19:39:56,-0.9492,100.3543,74.25,96,100,3.51,light rain
308,Ronda,ES,2022-02-05 19:39:56,36.7423,-5.1671,54.39,78,71,3.49,broken clouds
309,Neuquen,AR,2022-02-05 19:39:56,-38.9516,-68.0591,75.09,41,0,3.44,clear sky
310,Aguimes,ES,2022-02-05 19:39:57,27.9054,-15.4461,69.66,64,0,6.91,clear sky
311,Acarau,BR,2022-02-05 19:39:57,-2.8856,-40.12,81.64,75,23,14.32,few clouds
312,Henderson,US,2022-02-05 19:39:58,36.0397,-114.9819,60.12,22,0,8.05,clear sky
313,Wewak,PG,2022-02-05 19:39:58,-3.5534,143.6268,78.44,86,100,9.06,overcast clouds
314,Sept-Iles,CA,2022-02-05 19:39:22,50.2001,-66.3821,13.05,46,40,1.01,scattered clouds
315,Bend,US,2022-02-05 19:39:15,44.0582,-121.3153,52.36,42,0,1.99,clear sky
316,Mayor Pablo Lagerenza,PY,2022-02-05 19:39:59,-19.9309,-60.7718,78.31,80,99,9.82,light rain
317,Pisco,PE,2022-02-05 19:35:29,-13.7,-76.2167,68.05,88,75,9.22,mist
318,Alexandria,EG,2022-02-05 19:38:34,31.2156,29.9553,57.16,77,40,5.75,scattered clouds
319,Kiama,AU,2022-02-05 19:39:59,-34.6833,150.8667,69.58,80,96,1.99,light rain
320,Banda Aceh,ID,2022-02-05 19:40:00,5.5577,95.3222,78.69,78,96,4.29,overcast clouds
321,Thompson,CA,2022-02-05 19:38:04,55.7435,-97.8558,-12.84,70,75,2.3,broken clouds
322,Panshi,CN,2022-02-05 19:40:00,42.9422,126.0561,-5.33,96,95,1.59,overcast clouds
323,Shunyi,CN,2022-02-05 19:40:01,40.125,116.6453,31.95,25,0,8.95,clear sky
324,Laurel,US,2022-02-05 19:40:01,39.0993,-76.8483,34.75,48,0,7.0,clear sky
325,Atar,MR,2022-02-05 19:40:02,20.5169,-13.0499,77.43,9,0,6.91,clear sky
326,Morondava,MG,2022-02-05 19:38:11,-20.2833,44.2833,79.48,81,100,13.2,overcast clouds
327,Bredasdorp,ZA,2022-02-05 19:40:03,-34.5322,20.0403,69.28,73,93,21.85,overcast clouds
328,San Quintin,MX,2022-02-05 19:40:03,30.4833,-115.95,63.61,26,0,7.83,clear sky
329,Goksun,TR,2022-02-05 19:40:03,38.021,36.4973,31.15,81,67,4.41,broken clouds
330,Poum,NC,2022-02-05 19:40:04,-20.2333,164.0167,80.82,72,99,3.36,overcast clouds
331,Sherlovaya Gora,RU,2022-02-05 19:40:04,50.5667,116.25,-18.74,100,73,3.65,broken clouds
332,Plast,RU,2022-02-05 19:40:05,54.3691,60.8136,14.0,94,100,4.0,overcast clouds
333,Roma,US,2022-02-05 19:40:05,43.2128,-75.4557,18.82,56,0,19.57,clear sky
334,Nabari,JP,2022-02-05 19:40:05,34.6167,136.0833,34.02,68,22,12.91,few clouds
335,Alamosa,US,2022-02-05 19:40:06,37.4695,-105.87,13.51,79,0,0.0,clear sky
336,Montrose,US,2022-02-05 19:40:06,38.4166,-108.2673,34.36,48,0,2.33,clear sky
337,Belaya Gora,RU,2022-02-05 19:40:07,68.5333,146.4167,-40.76,100,99,0.74,overcast clouds
338,Buraydah,SA,2022-02-05 19:40:07,26.326,43.975,50.45,35,0,8.23,clear sky
339,Kaberamaido,UG,2022-02-05 19:40:07,1.7389,33.1594,73.49,63,100,5.08,overcast clouds
340,Goderich,CA,2022-02-05 19:39:40,43.7501,-81.7165,20.91,67,96,8.05,overcast clouds
341,Ribeira Grande,PT,2022-02-05 19:40:08,38.5167,-28.7,59.4,88,75,14.97,broken clouds
342,Sorland,NO,2022-02-05 19:40:09,67.667,12.6934,39.36,74,100,28.92,overcast clouds
343,Port-Gentil,GA,2022-02-05 19:40:09,-0.7193,8.7815,79.7,80,13,11.07,few clouds
344,Viedma,AR,2022-02-05 19:40:10,-40.8135,-62.9967,62.76,49,98,14.9,overcast clouds
345,Lieksa,FI,2022-02-05 19:40:10,63.3167,30.0167,20.39,93,100,12.82,light snow
346,Pula,HR,2022-02-05 19:40:11,44.8683,13.8481,49.06,93,20,3.44,few clouds
347,San Ramon,US,2022-02-05 19:35:14,37.7799,-121.978,61.47,52,0,1.01,haze
348,Mattru,SL,2022-02-05 19:40:11,7.6244,-11.8332,79.36,72,37,6.55,scattered clouds
349,Camacha,PT,2022-02-05 19:38:06,33.0833,-16.3333,63.54,82,20,19.57,few clouds
350,Starosubkhangulovo,RU,2022-02-05 19:40:12,53.1031,57.4423,18.32,95,100,3.47,overcast clouds
351,Bitung,ID,2022-02-05 19:40:12,1.4451,125.1824,76.05,86,100,11.01,overcast clouds
352,Ponta Delgada,PT,2022-02-05 19:40:13,37.7333,-25.6667,62.51,82,20,13.8,few clouds
353,Pevek,RU,2022-02-05 19:40:13,69.7008,170.3133,-28.39,99,39,2.89,scattered clouds
354,Ilulissat,GL,2022-02-05 19:40:14,69.2167,-51.1,5.02,51,75,13.8,broken clouds
355,Impfondo,CG,2022-02-05 19:40:14,1.6381,18.0667,77.29,22,84,0.78,broken clouds
356,Port Hedland,AU,2022-02-05 19:40:14,-20.3167,118.5667,84.25,84,75,4.61,broken clouds
357,Comandau,RO,2022-02-05 19:40:15,45.7667,26.2667,31.59,98,100,14.58,light snow
358,Lukulu,ZM,2022-02-05 19:40:15,-14.3707,23.242,66.34,96,98,4.52,moderate rain
359,Ewa Beach,US,2022-02-05 19:40:16,21.3156,-158.0072,79.68,73,40,5.01,scattered clouds
360,Bambanglipuro,ID,2022-02-05 19:40:16,-7.95,110.2833,62.6,84,100,4.23,overcast clouds
361,Carmo Do Paranaiba,BR,2022-02-05 19:40:16,-19.0008,-46.3161,78.75,70,100,3.85,overcast clouds
362,Pabrade,LT,2022-02-05 19:40:17,55.0,25.7833,34.23,97,100,11.21,light snow
363,Pucara,PE,2022-02-05 19:40:17,-15.9803,-71.4606,44.73,55,75,15.48,broken clouds
364,Praya,CV,2022-02-05 19:40:18,14.9215,-23.5087,75.74,50,0,18.41,clear sky
365,Burns Lake,CA,2022-02-05 19:40:18,54.2331,-125.7533,38.62,89,100,4.74,overcast clouds
366,Adrar,MR,2022-02-05 19:40:18,20.5022,-10.0711,71.1,7,0,9.08,clear sky
367,Milkovo,RU,2022-02-05 19:40:19,54.7167,158.6167,11.79,97,100,3.51,light snow
368,Duayaw Nkwanta,GH,2022-02-05 19:40:19,7.1724,-2.1028,84.52,34,90,1.63,overcast clouds
369,Lagoa,PT,2022-02-05 19:40:20,39.05,-27.9833,59.04,76,30,19.1,scattered clouds
370,Honningsvag,NO,2022-02-05 19:40:20,70.9821,25.9704,29.25,71,20,31.38,few clouds
371,Bousso,TD,2022-02-05 19:40:20,10.4795,16.7117,75.0,18,53,8.75,broken clouds
372,Vila Franca Do Campo,PT,2022-02-05 19:40:21,37.7167,-25.4333,62.2,76,78,11.61,broken clouds
373,Lively,CA,2022-02-05 19:40:21,46.4334,-81.1498,12.02,43,36,5.5,scattered clouds
374,Port Blair,IN,2022-02-05 19:40:21,11.6667,92.75,78.84,89,20,2.3,mist
375,Asau,RO,2022-02-05 19:40:22,46.4333,26.4,37.76,83,86,1.61,overcast clouds
376,Placido De Castro,BR,2022-02-05 19:40:22,-10.3353,-67.1856,85.05,63,95,5.66,moderate rain
377,Erzin,TR,2022-02-05 19:40:23,36.9559,36.2,48.92,75,78,3.2,broken clouds
378,Huatulco,MX,2022-02-05 19:40:23,15.8436,-96.3267,86.86,43,20,9.22,few clouds
379,Heihe,CN,2022-02-05 19:40:23,50.2441,127.4902,0.18,92,60,5.82,broken clouds
380,Ullapool,GB,2022-02-05 19:40:24,57.8987,-5.1604,38.35,78,100,25.14,overcast clouds
381,Karia,NG,2022-02-05 19:40:24,11.7306,11.1629,66.74,24,0,12.39,clear sky
382,Tuatapere,NZ,2022-02-05 19:40:25,-46.1333,167.6833,51.82,83,100,3.53,overcast clouds
383,Bac Lieu,VN,2022-02-05 19:40:25,9.285,105.7244,77.25,70,74,13.56,broken clouds
384,Sao Filipe,CV,2022-02-05 19:40:25,14.8961,-24.4956,74.1,67,0,10.33,clear sky
385,Derzhavinsk,KZ,2022-02-05 19:40:26,51.1,66.3167,16.36,75,100,16.08,overcast clouds
386,Kassala,SD,2022-02-05 19:40:26,15.451,36.4,71.8,29,0,11.16,clear sky
387,Plettenberg Bay,ZA,2022-02-05 19:40:27,-34.0527,23.3716,68.32,85,29,12.8,scattered clouds
388,Selenginsk,RU,2022-02-05 19:40:27,52.0064,106.8647,-3.59,89,100,3.51,overcast clouds
389,Meaux,FR,2022-02-05 19:40:27,48.9167,3.0,44.64,80,99,13.4,overcast clouds
390,Bathsheba,BB,2022-02-05 19:40:28,13.2167,-59.5167,83.01,57,20,14.97,few clouds
391,Lashio,MM,2022-02-05 19:40:28,22.9333,97.75,50.36,89,0,0.81,clear sky
392,Melito Di Porto Salvo,IT,2022-02-05 19:40:28,37.9222,15.7714,58.89,67,20,11.5,few clouds
393,Gamboma,CG,2022-02-05 19:40:29,-1.8764,15.8644,79.9,63,93,5.77,overcast clouds
394,Krasnyy Chikoy,RU,2022-02-05 19:40:29,50.3643,108.7512,-7.13,100,92,1.66,overcast clouds
395,Northam,GB,2022-02-05 19:40:30,51.0333,-4.2167,51.03,88,100,30.62,overcast clouds
396,Roznava,SK,2022-02-05 19:40:30,48.6601,20.5376,34.74,82,9,1.99,clear sky
397,Tabou,CI,2022-02-05 19:40:30,4.423,-7.3528,80.17,82,11,8.97,few clouds
398,Saint-Philippe,RE,2022-02-05 19:38:03,-21.3585,55.7679,81.99,86,100,20.85,light rain
399,Nantucket,US,2022-02-05 19:35:55,41.2835,-70.0995,29.08,65,20,19.57,few clouds
400,Am Timan,TD,2022-02-05 19:40:31,11.0297,20.2827,78.46,16,100,6.55,overcast clouds
401,Pacific Grove,US,2022-02-05 19:40:31,36.6177,-121.9166,65.57,48,0,1.99,clear sky
402,Amahai,ID,2022-02-05 19:40:32,-3.3333,128.9167,77.67,84,99,6.38,overcast clouds
403,Saint Anthony,US,2022-02-05 19:40:32,45.0205,-93.218,18.79,59,40,7.0,scattered clouds
404,Namibe,AO,2022-02-05 19:40:33,-15.1961,12.1522,73.72,69,100,11.36,overcast clouds
405,High Prairie,CA,2022-02-05 19:40:33,55.4334,-116.4858,29.97,84,100,9.15,overcast clouds
406,Batemans Bay,AU,2022-02-05 19:40:33,-35.7167,150.1833,64.09,82,99,7.65,overcast clouds
407,Deputatskiy,RU,2022-02-05 19:40:34,69.3,139.9,-30.21,97,92,3.27,overcast clouds
408,Mackenzie,CA,2022-02-05 19:40:34,55.2999,-123.1698,41.22,48,0,5.75,clear sky
409,Altamira,BR,2022-02-05 19:40:34,-3.2033,-52.2064,87.89,58,75,0.0,broken clouds
410,Champerico,GT,2022-02-05 19:40:35,14.3,-91.9167,93.74,58,0,12.5,clear sky
411,Abu Samrah,SY,2022-02-05 19:40:35,35.3029,37.1841,43.95,82,5,7.27,clear sky
412,Carutapera,BR,2022-02-05 19:40:36,-1.195,-46.02,77.77,91,100,8.32,overcast clouds
413,Karpogory,RU,2022-02-05 19:40:36,64.0019,44.4451,3.79,94,52,8.16,broken clouds
414,Dingle,PH,2022-02-05 19:40:36,10.9995,122.6711,74.57,83,94,11.3,overcast clouds
415,Yabelo,ET,2022-02-05 19:40:37,4.8833,38.0833,69.82,25,100,1.63,overcast clouds
416,Franca,BR,2022-02-05 19:38:11,-20.5386,-47.4008,71.62,91,85,5.03,light rain
417,Warrnambool,AU,2022-02-05 19:40:37,-38.3833,142.4833,59.81,84,99,9.35,overcast clouds
418,Bang Sao Thong,TH,2022-02-05 19:40:38,13.595,100.8304,81.28,69,20,6.91,few clouds
419,Neyshabur,IR,2022-02-05 19:40:38,36.2133,58.7958,38.17,89,86,10.76,overcast clouds
420,Gedo,ET,2022-02-05 19:40:39,9.0167,37.45,59.25,43,65,2.21,broken clouds
421,Dali,CN,2022-02-05 19:40:39,25.7,100.1833,42.37,96,100,4.97,light rain
422,Kalmunai,LK,2022-02-05 19:40:40,7.4167,81.8167,74.7,79,84,6.62,broken clouds
423,Lahij,YE,2022-02-05 19:40:40,13.1667,44.5833,73.83,59,24,5.5,few clouds
424,Dunoon,GB,2022-02-05 19:40:40,55.947,-4.923,41.0,93,100,14.43,moderate rain
425,Berlevag,NO,2022-02-05 19:40:41,70.8578,29.0864,23.88,84,79,27.92,broken clouds
426,Ponta Do Sol,PT,2022-02-05 19:40:41,32.6667,-17.1,67.12,50,1,11.07,clear sky
427,Bardiyah,LY,2022-02-05 19:40:42,31.7561,25.0865,55.98,61,0,11.03,clear sky
428,Doha,QA,2022-02-05 19:38:58,25.2867,51.5333,64.38,50,0,12.66,clear sky
429,Balkhash,KZ,2022-02-05 19:40:42,46.844,74.9804,13.41,76,1,19.62,clear sky
430,Purpe,RU,2022-02-05 19:40:42,64.4803,76.6897,-15.47,100,85,5.1,overcast clouds
431,Koygorodok,RU,2022-02-05 19:40:43,60.445,50.9968,9.97,96,50,6.06,scattered clouds
432,Riyadh,SA,2022-02-05 19:40:43,24.6877,46.7219,55.54,31,0,10.33,clear sky
433,Narodychi,UA,2022-02-05 19:40:44,51.2029,29.0823,32.09,89,95,11.56,overcast clouds
434,Alibunan,PH,2022-02-05 19:40:44,11.1465,122.4591,72.25,92,100,8.57,overcast clouds
435,Sembe,CG,2022-02-05 19:40:45,1.6481,14.5806,76.19,24,100,1.77,overcast clouds
436,Swellendam,ZA,2022-02-05 19:40:45,-34.0226,20.4417,68.38,79,5,12.19,clear sky
437,Lanzhou,CN,2022-02-05 19:37:55,36.0564,103.7922,18.68,94,100,4.88,light snow
438,Lamu,KE,2022-02-05 19:40:46,-2.2717,40.902,79.02,87,100,9.62,overcast clouds
439,Haines Junction,CA,2022-02-05 19:40:46,60.7522,-137.5108,22.95,74,100,5.75,overcast clouds
440,Urumqi,CN,2022-02-05 19:40:46,43.801,87.6005,-1.25,85,86,2.24,mist
441,Rio Grande,BR,2022-02-05 19:36:35,-32.035,-52.0986,84.31,68,57,12.26,moderate rain
442,Chahal,GT,2022-02-05 19:40:47,15.75,-89.5667,67.8,99,100,4.52,overcast clouds
443,Chiang Kham,TH,2022-02-05 19:40:47,19.5233,100.3,67.91,97,82,1.81,broken clouds
444,Azovo,RU,2022-02-05 19:40:48,54.6997,73.0237,2.95,85,100,7.65,overcast clouds
445,Tazovskiy,RU,2022-02-05 19:39:42,67.4667,78.7,-9.51,100,91,7.63,overcast clouds
446,Guerrero Negro,MX,2022-02-05 19:36:52,27.9769,-114.0611,68.16,21,0,0.78,clear sky
447,Sarkikaraagac,TR,2022-02-05 19:40:48,38.0794,31.3664,24.44,75,2,2.37,clear sky
448,Cody,US,2022-02-05 19:40:49,44.5263,-109.0565,41.41,36,100,14.97,overcast clouds
449,Tateyama,JP,2022-02-05 19:40:49,34.9833,139.8667,37.33,60,75,11.5,broken clouds
450,Lasa,IT,2022-02-05 19:40:49,46.6166,10.7002,38.66,54,4,4.05,clear sky
451,Jalingo,NG,2022-02-05 19:40:50,8.8833,11.3667,77.41,13,30,6.11,scattered clouds
452,Meulaboh,ID,2022-02-05 19:40:50,4.1363,96.1285,75.29,88,99,7.23,overcast clouds
453,Dafeng,CN,2022-02-05 19:40:51,23.4517,108.5881,54.1,74,100,3.22,light rain
454,Amlame,TG,2022-02-05 19:40:51,7.4667,0.9,80.17,21,0,2.37,clear sky
455,Maracacume,BR,2022-02-05 19:40:51,-2.0428,-45.9592,79.75,88,98,5.1,overcast clouds
456,Mlonggo,ID,2022-02-05 19:40:52,-6.5333,110.7,77.74,89,99,14.92,overcast clouds
457,Enniscorthy,IE,2022-02-05 19:40:52,52.5008,-6.5578,49.24,84,100,24.16,overcast clouds
458,Billings,US,2022-02-05 19:40:53,45.7833,-108.5007,47.97,38,75,28.77,broken clouds
459,Hope,US,2022-02-05 19:36:42,33.6671,-93.5916,49.98,34,0,2.89,clear sky
460,Opuwo,NA,2022-02-05 19:40:53,-18.0607,13.84,72.23,45,97,5.37,overcast clouds
461,Faxinal,BR,2022-02-05 19:40:35,-24.0003,-51.3194,70.52,97,100,6.35,light rain
462,Quang Ngai,VN,2022-02-05 19:40:54,15.1167,108.8,68.59,93,99,4.12,overcast clouds
463,Havoysund,NO,2022-02-05 19:40:54,70.9963,24.6622,29.28,70,19,31.76,few clouds
464,Whitehorse,CA,2022-02-05 19:37:29,60.7161,-135.0538,22.1,87,75,17.27,broken clouds
465,Aquidauana,BR,2022-02-05 19:40:55,-20.4711,-55.7872,89.01,52,96,5.23,overcast clouds
466,Along,IN,2022-02-05 19:40:55,28.1667,94.7667,46.51,98,79,1.16,broken clouds
467,Klaksvik,FO,2022-02-05 19:40:55,62.2266,-6.589,32.92,82,56,28.36,broken clouds
468,Tyukalinsk,RU,2022-02-05 19:40:56,55.8732,72.1967,9.09,83,100,7.74,overcast clouds
469,Wagar,SD,2022-02-05 19:40:56,16.1525,36.2032,68.13,48,0,12.64,clear sky
470,Temizhbekskaya,RU,2022-02-05 19:40:57,45.4456,40.845,23.13,93,16,4.99,few clouds
471,Ubata,BR,2022-02-05 19:40:57,-14.2139,-39.5228,70.74,97,100,0.31,light rain
472,Alyangula,AU,2022-02-05 19:40:57,-13.8483,136.4192,78.67,100,75,0.0,broken clouds
473,Veraval,IN,2022-02-05 19:40:58,20.9,70.3667,65.89,72,0,7.83,clear sky
474,Vallenar,CL,2022-02-05 19:40:58,-28.5708,-70.7581,87.13,25,0,12.24,clear sky
475,Porto Novo,BJ,2022-02-05 19:39:24,6.4965,2.6036,82.22,82,0,6.8,clear sky
476,Te Anau,NZ,2022-02-05 19:40:59,-45.4167,167.7167,47.88,76,14,2.26,few clouds
477,Kuldiga,LV,2022-02-05 19:40:59,56.974,21.9572,37.09,87,52,11.3,broken clouds
478,Soligalich,RU,2022-02-05 19:41:00,59.0778,42.2864,10.49,97,99,3.38,snow
479,Beringovskiy,RU,2022-02-05 19:41:00,63.05,179.3167,-11.07,93,31,14.03,scattered clouds
480,Raudeberg,NO,2022-02-05 19:41:00,61.9875,5.1352,38.19,91,100,13.0,overcast clouds
481,Anapskaya,RU,2022-02-05 19:41:01,44.89,37.38,35.26,80,40,6.71,scattered clouds
482,Tarrafal,CV,2022-02-05 19:41:01,15.2833,-23.7667,75.99,80,0,15.19,clear sky
483,Barcelos,PT,2022-02-05 19:38:47,41.5388,-8.6151,54.84,79,1,5.86,clear sky
484,Bulawayo,ZW,2022-02-05 19:41:02,-20.15,28.5833,63.82,75,48,9.95,scattered clouds
485,Bolshaya Dzhalga,RU,2022-02-05 19:41:02,45.9695,42.6966,26.87,88,74,8.79,broken clouds
486,Alekseyevka,RU,2022-02-05 19:41:02,50.6309,38.6903,2.8,100,96,4.81,overcast clouds
487,Markala,ML,2022-02-05 19:41:03,13.7021,-6.0659,78.87,9,0,7.61,clear sky
488,Sao Joao Da Barra,BR,2022-02-05 19:41:03,-21.6403,-41.0511,84.29,81,45,25.79,scattered clouds
489,Naze,JP,2022-02-05 19:37:59,28.3667,129.4833,50.72,70,100,17.65,overcast clouds
490,Harrismith,ZA,2022-02-05 19:41:04,-28.2728,29.1295,56.64,95,98,6.17,overcast clouds
491,Awjilah,LY,2022-02-05 19:41:04,29.1081,21.2869,56.88,48,0,3.4,clear sky
492,Sal Rei,CV,2022-02-05 19:41:04,16.1833,-22.9167,73.6,73,20,13.8,few clouds
493,Leningradskiy,RU,2022-02-05 19:41:05,69.3833,178.4167,-22.18,96,8,4.16,clear sky
494,Kattivakkam,IN,2022-02-05 19:41:06,13.2167,80.3167,80.69,82,94,9.42,overcast clouds
495,Mezen,RU,2022-02-05 19:41:06,65.8522,44.24,10.02,88,100,13.31,overcast clouds
496,Banikoara,BJ,2022-02-05 19:41:06,11.2985,2.4386,77.72,13,0,5.59,clear sky
497,Odweyne,SO,2022-02-05 19:41:07,9.4092,45.064,66.49,19,81,8.57,broken clouds
498,Rakiv Lis,UA,2022-02-05 19:41:07,51.6217,24.9243,32.76,92,100,13.67,overcast clouds
499,Chemodanovka,RU,2022-02-05 19:41:07,53.2316,45.2474,3.99,100,93,3.13,overcast clouds
500,Zambezi,ZM,2022-02-05 19:41:08,-13.5432,23.1047,65.03,93,100,3.8,light rain
501,Hobyo,SO,2022-02-05 19:41:08,5.3505,48.5268,75.99,70,3,11.01,clear sky
502,Vredendal,ZA,2022-02-05 19:38:13,-31.6683,18.5012,76.44,43,2,6.46,clear sky
503,Olafsvik,IS,2022-02-05 19:41:09,64.8945,-23.7142,30.07,80,100,23.78,snow
504,Krasnoselkup,RU,2022-02-05 19:41:09,65.7,82.4667,-12.87,100,90,6.22,overcast clouds
505,Mosquera,CO,2022-02-05 19:39:06,4.7059,-74.2302,62.69,67,75,11.5,broken clouds
506,Muzhi,RU,2022-02-05 19:41:10,65.3667,64.6667,-15.48,100,59,2.01,broken clouds
507,Samarai,PG,2022-02-05 19:41:10,-10.6167,150.6667,79.92,82,100,8.86,light rain
508,Hwange,ZW,2022-02-05 19:41:11,-18.3693,26.5019,68.11,97,100,1.99,moderate rain
509,Calbuco,CL,2022-02-05 19:41:11,-41.768,-73.1273,67.21,70,9,10.92,clear sky
510,Nouadhibou,MR,2022-02-05 19:41:12,20.931,-17.0347,67.98,88,0,18.41,clear sky
511,Kingman,US,2022-02-05 19:39:41,35.1894,-114.053,52.12,16,0,11.5,clear sky
512,Lata,PT,2022-02-05 19:41:12,40.1629,-8.3327,52.05,81,0,3.89,clear sky
513,Disna,BY,2022-02-05 19:41:12,55.568,28.1971,31.98,90,100,13.71,overcast clouds
514,Kano,NG,2022-02-05 19:41:13,12.0001,8.5167,67.89,37,0,5.75,haze
515,Hami,CN,2022-02-05 19:39:18,42.8,93.45,26.35,29,100,11.52,overcast clouds
516,Gamba,GA,2022-02-05 19:41:13,-2.65,10.0,76.73,85,13,4.72,few clouds
517,Goure,NE,2022-02-05 19:41:14,13.9835,10.2704,63.41,14,0,9.75,clear sky
518,Dabhol,IN,2022-02-05 19:41:14,17.6,73.1667,65.64,83,11,4.27,few clouds
519,Odesskoye,RU,2022-02-05 19:41:15,54.2111,72.9651,1.94,86,98,7.09,overcast clouds
520,Breytovo,RU,2022-02-05 19:41:15,58.2993,37.8617,3.85,100,96,6.82,overcast clouds
521,Plouzane,FR,2022-02-05 19:41:15,48.3833,-4.6167,48.52,87,0,16.11,clear sky
522,Lompoc,US,2022-02-05 19:41:16,34.6391,-120.4579,71.19,39,0,1.01,clear sky
523,Kumo,NG,2022-02-05 19:41:16,10.0447,11.2122,73.67,17,0,8.95,clear sky
524,Stromness,GB,2022-02-05 19:41:17,58.965,-3.296,37.36,65,76,41.27,broken clouds
525,Devils Lake,US,2022-02-05 19:41:17,48.1128,-98.8651,10.94,84,75,11.01,broken clouds
526,Ballina,AU,2022-02-05 19:38:49,-28.8667,153.5667,71.56,76,75,16.11,broken clouds
527,Cali,CO,2022-02-05 19:37:55,3.4372,-76.5225,84.2,51,75,5.75,haze
528,Egvekinot,RU,2022-02-05 19:41:18,66.3167,-179.1667,-10.32,86,10,13.82,clear sky
529,Uvira,CD,2022-02-05 19:41:18,-3.4067,29.1458,71.87,79,99,3.11,overcast clouds
530,Wenling,CN,2022-02-05 19:41:19,28.3669,121.36,38.8,74,92,10.45,overcast clouds
531,Nkowakowa,ZA,2022-02-05 19:41:19,-23.8878,30.2871,62.65,86,70,7.72,light rain
532,Luanda,AO,2022-02-05 19:41:20,-8.8368,13.2343,78.8,73,20,8.05,few clouds
533,Grindavik,IS,2022-02-05 19:41:20,63.8424,-22.4338,25.27,74,20,5.75,few clouds
534,Rio Rancho,US,2022-02-05 19:39:44,35.2334,-106.6645,42.76,45,0,5.01,clear sky
535,Laksham,BD,2022-02-05 19:41:21,23.2472,91.1425,57.29,68,0,4.65,clear sky
536,Bowen,AU,2022-02-05 19:41:21,-20.0167,148.2333,71.82,74,2,14.67,clear sky
537,Turukhansk,RU,2022-02-05 19:41:21,65.8167,87.9833,-15.18,100,63,2.06,broken clouds
538,Sosva,RU,2022-02-05 19:41:22,59.1766,61.8558,17.83,98,100,4.76,overcast clouds
539,San Rafael,AR,2022-02-05 19:40:36,-34.6177,-68.3301,61.72,60,99,6.02,light rain
540,Sakakah,SA,2022-02-05 19:41:22,29.9697,40.2064,51.37,54,39,8.05,scattered clouds
541,Laguna,US,2022-02-05 19:41:23,38.421,-121.4238,65.35,57,0,1.01,clear sky
542,Sambava,MG,2022-02-05 19:41:23,-14.2667,50.1667,76.62,88,100,4.18,overcast clouds
543,Japura,ID,2022-02-05 19:41:24,-0.3167,102.35,72.55,98,97,2.62,moderate rain
544,Ekibastuz,KZ,2022-02-05 19:41:24,51.6667,75.3667,8.38,75,0,9.91,clear sky
545,Nabire,ID,2022-02-05 19:41:24,-3.3667,135.4833,75.04,93,99,2.89,overcast clouds
546,Tommot,RU,2022-02-05 19:41:25,58.9564,126.2925,-13.58,100,100,2.44,overcast clouds
547,Waddan,LY,2022-02-05 19:41:25,29.1614,16.139,58.28,22,0,4.47,clear sky
548,Gravdal,NO,2022-02-05 19:41:26,68.1214,13.5031,38.37,77,100,34.2,overcast clouds
549,Nagod,IN,2022-02-05 19:41:26,24.5667,80.6,51.26,58,0,4.05,clear sky
550,Aksarka,RU,2022-02-05 19:41:26,66.5606,67.7975,-18.44,100,62,4.72,broken clouds
551,Semikarakorsk,RU,2022-02-05 19:41:27,47.5194,40.8112,26.55,88,60,5.84,broken clouds
552,Abha,SA,2022-02-05 19:41:27,18.2164,42.5053,55.22,88,0,5.75,clear sky
553,Pangkalanbuun,ID,2022-02-05 19:41:28,-2.6833,111.6167,73.83,96,100,2.33,overcast clouds
554,Poso,ID,2022-02-05 19:41:28,-1.3959,120.7524,76.46,86,100,3.69,overcast clouds
555,Murashi,RU,2022-02-05 19:41:28,59.3999,48.9615,13.3,96,96,6.44,overcast clouds
556,Biltine,TD,2022-02-05 19:41:29,14.5333,20.9167,67.19,15,3,19.42,clear sky
557,Omboue,GA,2022-02-05 19:39:14,-1.5746,9.2618,77.32,86,29,7.05,scattered clouds
558,Montlucon,FR,2022-02-05 19:41:29,46.3333,2.6,38.7,85,32,4.9,scattered clouds
559,Vaitape,PF,2022-02-05 19:41:30,-16.5167,-151.75,81.3,72,12,19.89,few clouds
560,Gandai,IN,2022-02-05 19:41:30,21.6667,81.1,57.16,30,5,4.83,clear sky
561,Lixourion,GR,2022-02-05 19:41:30,38.2019,20.4314,55.9,83,99,3.09,overcast clouds
562,Port Lincoln,AU,2022-02-05 19:41:31,-34.7333,135.8667,68.09,75,99,16.55,overcast clouds
563,Shush,IR,2022-02-05 19:41:31,32.1942,48.2436,53.8,51,1,3.87,clear sky
564,Conceicao Da Barra,BR,2022-02-05 19:41:32,-18.5933,-39.7322,79.02,77,99,11.16,overcast clouds
565,Guiratinga,BR,2022-02-05 19:41:32,-16.3494,-53.7583,81.7,76,32,6.44,scattered clouds
566,Salta,AR,2022-02-05 19:41:32,-24.7859,-65.4117,79.39,52,40,7.0,scattered clouds
567,Nyurba,RU,2022-02-05 19:41:33,63.2842,118.3319,-25.33,100,70,3.15,broken clouds
568,Zlobin,HR,2022-02-05 19:41:33,45.2924,14.6541,40.3,86,75,4.61,broken clouds
569,Ondjiva,AO,2022-02-05 19:41:34,-17.0667,15.7333,68.32,63,100,11.32,overcast clouds
570,Gatesville,US,2022-02-05 19:41:35,31.4352,-97.7439,48.15,27,0,6.91,clear sky
571,Alta Floresta,BR,2022-02-05 19:41:35,-9.8756,-56.0861,85.82,70,40,5.75,scattered clouds
572,Terre-De-Bas,GP,2022-02-05 19:41:35,15.8501,-61.6442,81.01,73,2,10.98,clear sky
573,Luba,GQ,2022-02-05 19:41:36,3.4568,8.5547,78.69,80,11,8.12,few clouds
574,Atbasar,KZ,2022-02-05 19:41:36,51.8,68.3333,7.74,82,98,8.88,overcast clouds
575,Kirksville,US,2022-02-05 19:41:37,40.1948,-92.5833,32.18,50,0,1.01,clear sky
576,Hays,US,2022-02-05 19:41:37,30.0502,-98.0336,49.91,39,0,2.86,clear sky
577,Haveli,PK,2022-02-05 19:41:38,30.4502,73.6989,50.14,67,62,7.47,broken clouds
578,Kushmurun,KZ,2022-02-05 19:41:38,52.4503,64.6311,17.53,82,100,8.3,overcast clouds
579,Mehamn,NO,2022-02-05 19:41:38,71.0357,27.8492,22.44,84,8,24.16,clear sky
580,Kruisfontein,ZA,2022-02-05 19:41:39,-34.0033,24.7314,67.89,84,30,17.43,scattered clouds
581,Zyryanskoye,RU,2022-02-05 19:41:39,56.8306,86.6258,15.13,87,100,8.63,overcast clouds
582,Airai,TL,2022-02-05 19:41:40,-8.9266,125.4092,60.78,91,100,1.86,overcast clouds
583,North Platte,US,2022-02-05 19:41:40,41.1239,-100.7654,55.29,24,0,8.99,clear sky
584,Pombas,CV,2022-02-05 19:41:41,17.1503,-25.0201,71.38,80,3,12.8,clear sky
585,Chester,US,2022-02-05 19:40:54,40.1254,-75.8749,28.85,61,20,3.0,few clouds
586,Waipawa,NZ,2022-02-05 19:41:41,-41.4122,175.5153,55.45,96,100,14.36,light rain
587,Itarema,BR,2022-02-05 19:41:41,-2.9248,-39.9167,81.91,73,16,13.09,few clouds
588,Henties Bay,NA,2022-02-05 19:37:43,-22.116,14.2845,67.86,81,12,4.88,few clouds
589,Chumikan,RU,2022-02-05 19:40:31,54.7183,135.315,-1.91,78,100,12.55,overcast clouds
590,Basoko,CD,2022-02-05 19:41:42,1.2391,23.616,77.97,52,90,3.06,overcast clouds
591,Coihaique,CL,2022-02-05 19:41:03,-45.5752,-72.0662,70.41,46,75,8.05,broken clouds
592,Araouane,ML,2022-02-05 19:41:43,18.9048,-3.5265,69.49,10,97,8.05,overcast clouds
593,Saint-Georges,GD,2022-02-05 19:37:21,12.0564,-61.7485,83.88,65,20,20.71,few clouds
594,Taos,US,2022-02-05 19:37:33,36.4072,-105.5731,40.19,61,0,8.05,clear sky
595,Redlands,US,2022-02-05 19:41:43,34.0556,-117.1825,70.47,16,0,2.3,clear sky
596,Labuhan,ID,2022-02-05 19:37:44,-6.8844,112.2051,77.74,87,99,10.29,overcast clouds
597,Nadym,RU,2022-02-05 19:41:44,65.5333,72.5167,-17.86,100,100,1.43,overcast clouds
598,Nha Trang,VN,2022-02-05 19:41:44,12.25,109.1833,77.0,90,100,9.73,overcast clouds
599,Luebo,CD,2022-02-05 19:41:45,-5.35,21.4167,73.99,80,71,1.52,broken clouds
600,Lhokseumawe,ID,2022-02-05 19:41:45,5.1801,97.1507,76.91,84,63,4.18,broken clouds
601,Batagay-Alyta,RU,2022-02-05 19:41:46,67.8006,130.4114,-25.69,99,95,3.38,overcast clouds
602,Srikakulam,IN,2022-02-05 19:41:46,18.3,83.9,67.12,57,100,4.97,overcast clouds
603,Yima,CN,2022-02-05 19:41:46,34.7381,111.8839,30.27,48,100,4.16,snow
604,Brainerd,US,2022-02-05 19:39:40,46.358,-94.2008,13.66,62,100,14.97,haze
605,Kastamonu,TR,2022-02-05 19:41:47,41.5,33.6667,22.39,94,44,2.26,scattered clouds
606,Nalut,LY,2022-02-05 19:41:47,30.3333,10.85,59.43,19,100,10.67,overcast clouds
607,Thanh Hoa,VN,2022-02-05 19:38:55,19.8,105.7667,58.98,72,100,3.8,overcast clouds
608,Arlit,NE,2022-02-05 19:41:48,18.7369,7.3853,64.47,12,0,6.13,clear sky
609,Koungou,YT,2022-02-05 19:41:48,-12.7336,45.2042,83.91,79,0,11.5,clear sky
610,Challapata,BO,2022-02-05 19:41:49,-18.9,-66.7667,49.1,63,58,3.29,broken clouds
611,Tiarei,PF,2022-02-05 19:41:49,-17.5333,-149.3333,86.02,72,9,20.98,clear sky
612,Tambun,ID,2022-02-05 19:41:49,-6.2641,107.0712,78.69,91,100,5.86,overcast clouds
613,Bullhead City,US,2022-02-05 19:41:50,35.1478,-114.5683,62.02,17,0,24.16,clear sky
614,Severnoye,RU,2022-02-05 19:41:50,56.3491,78.3619,11.25,86,100,7.09,overcast clouds
615,Solwezi,ZM,2022-02-05 19:41:51,-12.1688,26.3894,61.83,97,100,3.91,light rain
616,Dodge City,US,2022-02-05 19:37:40,37.7528,-100.0171,46.26,39,0,11.01,clear sky
617,Mayo,US,2022-02-05 19:39:01,38.8876,-76.5119,35.42,46,0,11.01,clear sky
618,Bilibino,RU,2022-02-05 19:41:51,68.0546,166.4372,-15.63,93,15,4.59,few clouds
619,Nevers,FR,2022-02-05 19:41:52,46.9167,3.3333,39.79,68,100,4.72,overcast clouds
620,Tikhvin,RU,2022-02-05 19:41:52,59.6451,33.5294,20.21,94,100,10.45,snow
621,Baoshan,CN,2022-02-05 19:41:52,46.5586,131.4244,-4.61,86,65,7.18,broken clouds
622,Pingdingshan,CN,2022-02-05 19:41:53,33.7385,113.3012,31.89,43,99,1.88,overcast clouds
623,Yambio,SS,2022-02-05 19:41:53,4.5721,28.3955,72.95,26,100,3.02,overcast clouds
624,Nokha,IN,2022-02-05 19:41:53,27.6,73.4167,59.23,29,0,11.27,clear sky
625,Bolobo,CD,2022-02-05 19:33:15,-2.1667,16.2333,77.38,74,100,5.53,overcast clouds
626,Quebo,GW,2022-02-05 19:33:15,11.3333,-14.9333,75.25,60,0,7.0,clear sky
627,Hirara,JP,2022-02-05 19:33:16,24.8,125.2833,62.1,69,100,20.09,overcast clouds
628,Sur,OM,2022-02-05 19:33:16,22.5667,59.5289,72.03,54,0,7.02,clear sky
629,Yeppoon,AU,2022-02-05 19:29:31,-23.1333,150.7333,73.18,72,54,18.97,broken clouds
630,Haukipudas,FI,2022-02-05 19:33:17,65.1765,25.3523,25.14,93,100,12.71,overcast clouds
631,Vrangel,RU,2022-02-05 19:33:17,42.7297,133.0839,10.13,65,8,17.72,clear sky
632,Chegdomyn,RU,2022-02-05 19:33:17,51.1167,133.0167,-14.98,100,100,0.69,overcast clouds
633,La Ronge,CA,2022-02-05 19:33:18,55.1001,-105.2842,-9.15,64,40,6.91,scattered clouds
634,Khor,RU,2022-02-05 19:33:18,47.8861,134.9464,-20.54,100,91,2.75,overcast clouds
635,Namangan,UZ,2022-02-05 19:33:19,40.9983,71.6726,43.25,21,100,2.3,overcast clouds
636,Zhigansk,RU,2022-02-05 19:33:19,66.7697,123.3711,-28.44,99,100,5.86,overcast clouds
637,West Plains,US,2022-02-05 19:29:08,36.7281,-91.8524,37.22,48,0,1.01,clear sky
638,Margate,GB,2022-02-05 19:31:39,51.3813,1.3862,49.96,75,100,10.0,overcast clouds
639,Oak Ridge,US,2022-02-05 19:33:20,36.0104,-84.2696,39.16,45,0,4.61,clear sky
640,Kimbe,PG,2022-02-05 19:33:20,-5.5502,150.1429,77.54,87,100,2.95,overcast clouds
641,Saryozek,KZ,2022-02-05 19:33:20,44.3583,77.9753,27.12,46,0,13.89,clear sky
642,Agadez,NE,2022-02-05 19:33:21,19.75,10.25,56.5,24,0,3.53,clear sky
643,Olinda,BR,2022-02-05 19:29:13,-8.0089,-34.8553,85.73,58,0,10.36,clear sky
644,Baghdad,IQ,2022-02-05 19:29:30,33.3406,44.4009,49.91,66,0,2.3,clear sky
645,Yarmouth,US,2022-02-05 19:33:21,41.7057,-70.2286,28.26,66,20,10.0,few clouds
646,Verkhoshizhemye,RU,2022-02-05 19:33:21,58.011,49.1038,18.7,97,100,4.56,overcast clouds
647,Boa Vista,BR,2022-02-05 19:33:22,2.8197,-60.6733,89.58,48,40,12.66,scattered clouds
648,Sehithwa,BW,2022-02-05 19:33:22,-20.4667,22.7167,72.75,69,44,7.72,scattered clouds
649,Alipur Chatha,PK,2022-02-05 19:33:23,32.2688,73.819,50.25,67,100,4.05,overcast clouds
650,Jawhar,SO,2022-02-05 19:33:23,2.7809,45.5005,74.75,83,5,11.63,clear sky
651,Sicuani,PE,2022-02-05 19:34:23,-14.2694,-71.2261,60.24,51,95,9.37,overcast clouds
652,Obo,CF,2022-02-05 19:34:24,5.3998,26.4869,76.26,20,100,4.76,overcast clouds
653,Mogadishu,SO,2022-02-05 19:41:58,2.0371,45.3438,77.31,83,5,16.22,clear sky
654,Pangai,TO,2022-02-05 19:37:19,-19.8,-174.35,79.14,85,100,26.55,light rain
655,Port Macquarie,AU,2022-02-05 19:41:58,-31.4333,152.9167,62.56,74,93,14.32,overcast clouds
656,Ixmiquilpan,MX,2022-02-05 19:41:06,20.4833,-99.2333,62.69,44,5,4.65,clear sky
657,Peterhead,GB,2022-02-05 19:41:59,57.5058,-1.7981,39.6,72,64,20.4,broken clouds
658,Banjar,ID,2022-02-05 19:41:59,-8.19,114.9675,82.26,89,93,3.09,overcast clouds
659,La Libertad,EC,2022-02-05 19:42:00,-2.2333,-80.9,83.86,65,0,13.8,clear sky
660,Kandi,BJ,2022-02-05 19:34:27,11.1342,2.9386,77.23,13,0,5.57,clear sky
661,Kaura Namoda,NG,2022-02-05 19:34:27,12.5898,6.5779,70.25,15,1,11.81,clear sky
662,Newport,GB,2022-02-05 19:34:28,51.5877,-2.9984,51.46,81,100,31.27,overcast clouds
663,Acapulco,MX,2022-02-05 19:32:56,16.8634,-99.8901,84.02,65,0,10.36,clear sky
664,Lubango,AO,2022-02-05 19:34:28,-14.9172,13.4925,59.97,56,90,3.4,overcast clouds
665,Vao,NC,2022-02-05 19:34:29,-22.6667,167.4833,79.9,87,48,9.13,scattered clouds
666,Chihuahua,MX,2022-02-05 19:34:29,28.5,-106.0,45.43,21,0,8.5,clear sky
667,Necochea,AR,2022-02-05 19:34:29,-38.5473,-58.7368,64.04,71,100,21.65,overcast clouds
668,Yulara,AU,2022-02-05 19:30:14,-25.2406,130.9889,64.24,59,0,5.75,clear sky
669,Ossora,RU,2022-02-05 19:34:30,59.2353,163.0719,13.37,87,100,8.34,overcast clouds
670,Yangambi,CD,2022-02-05 19:34:30,0.8102,24.4336,74.46,71,99,1.97,overcast clouds
671,Pointe Michel,DM,2022-02-05 19:34:31,15.25,-61.3833,81.54,69,75,2.3,broken clouds
672,Baijiantan,CN,2022-02-05 19:34:31,45.6333,85.1833,2.8,86,2,2.8,clear sky
673,Sungai Padi,TH,2022-02-05 19:34:31,6.0851,101.8766,78.58,97,83,2.66,broken clouds
674,Rubbestadneset,NO,2022-02-05 19:34:32,59.8147,5.2681,41.49,70,95,27.25,overcast clouds
675,Sayyan,YE,2022-02-05 19:34:32,15.1718,44.3244,57.85,63,92,1.19,overcast clouds
676,Teya,RU,2022-02-05 19:34:33,60.3778,92.6267,16.88,90,100,8.34,overcast clouds
677,Chillicothe,US,2022-02-05 19:34:33,39.3331,-82.9824,26.76,79,100,0.0,overcast clouds
678,Micheweni,TZ,2022-02-05 19:34:33,-4.9667,39.8333,79.7,80,100,7.63,overcast clouds
679,Bykov,RU,2022-02-05 19:34:34,47.3167,142.55,11.19,93,97,4.68,overcast clouds
680,Sampang,ID,2022-02-05 19:34:34,-7.1872,113.2394,76.95,86,98,10.18,overcast clouds
681,Panalingaan,PH,2022-02-05 19:34:35,8.7842,117.4231,77.59,82,76,5.1,broken clouds
682,Kitakata,JP,2022-02-05 19:34:35,37.65,139.8667,23.56,94,100,9.78,snow
683,Mitsamiouli,KM,2022-02-05 19:34:35,-11.3847,43.2844,81.77,75,100,11.01,overcast clouds
684,Thinadhoo,MV,2022-02-05 19:34:36,0.5333,72.9333,82.27,72,70,11.63,broken clouds
685,Saku,JP,2022-02-05 19:34:36,36.2167,138.4833,21.83,92,21,4.36,few clouds
686,Bandipur,NP,2022-02-05 19:34:37,27.9333,84.4167,42.75,85,5,2.39,clear sky
687,Marawi,PH,2022-02-05 19:34:37,7.9986,124.2928,66.65,91,12,1.81,few clouds
688,Palmas Bellas,PA,2022-02-05 19:34:37,9.2319,-80.0867,91.09,59,4,11.34,clear sky
689,Akhalgori,GE,2022-02-05 19:34:38,42.126,44.4833,27.91,77,10,8.84,clear sky
